Campaign,Ad Group,Subscription Type,Date,Impressions,Clicks,Cost Per Click,Conversion,Renewals
DisplayAd,FreeTrial,Free,01-06-2020,3100,47,0.5,2,0
DisplayAd,FreeTrial,Free,01-13-2020,4384,53,0.5,6,4
DisplayAd,FreeTrial,Free,01-20-2020,8483,55,0.5,5,4
DisplayAd,FreeTrial,Free,01-27-2020,6478,71,0.5,6,3
DisplayAd,FreeTrial,Free,02-03-2020,4720,42,0.5,2,5
DisplayAd,FreeTrial,Free,02-10-2020,4790,35,0.5,4,3
DisplayAd,FreeTrial,Free,02-17-2020,5783,64,0.5,1,0
DisplayAd,FreeTrial,Free,02-24-2020,3349,43,0.5,2,3
DisplayAd,FreeTrial,Free,03-02-2020,5482,71,0.5,4,1
DisplayAd,FreeTrial,Free,03-09-2020,6782,41,0.5,3,3
DisplayAd,FreeTrial,Free,03-16-2020,5211,59,0.5,7,2
DisplayAd,FreeTrial,Free,03-23-2020,5673,55,0.5,3,6
DisplayAd,FreeTrial,Starter,01-06-2020,3100,47,0.5,5,3
DisplayAd,FreeTrial,Starter,01-13-2020,4384,53,0.5,4,4
DisplayAd,FreeTrial,Starter,01-20-2020,8483,55,0.5,1,4
DisplayAd,FreeTrial,Starter,01-27-2020,6478,71,0.5,1,2
DisplayAd,FreeTrial,Starter,02-03-2020,4720,42,0.5,4,3
DisplayAd,FreeTrial,Starter,02-10-2020,4790,35,0.5,3,6
DisplayAd,FreeTrial,Starter,02-17-2020,5783,64,0.5,2,2
DisplayAd,FreeTrial,Starter,02-24-2020,3349,43,0.5,4,3
DisplayAd,FreeTrial,Starter,03-02-2020,5482,71,0.5,0,0
DisplayAd,FreeTrial,Starter,03-09-2020,6782,41,0.5,2,4
DisplayAd,FreeTrial,Starter,03-16-2020,5211,59,0.5,4,5
DisplayAd,FreeTrial,Starter,03-23-2020,5673,55,0.5,2,3
DisplayAd,FreeTrial,Growth,01-06-2020,3100,47,0.5,1,0
DisplayAd,FreeTrial,Growth,01-13-2020,4384,53,0.5,0,0
DisplayAd,FreeTrial,Growth,01-20-2020,8483,55,0.5,2,2
DisplayAd,FreeTrial,Growth,01-27-2020,6478,71,0.5,0,0
DisplayAd,FreeTrial,Growth,02-03-2020,4720,42,0.5,1,4
DisplayAd,FreeTrial,Growth,02-10-2020,4790,35,0.5,0,0
DisplayAd,FreeTrial,Growth,02-17-2020,5783,64,0.5,1,0
DisplayAd,FreeTrial,Growth,02-24-2020,3349,43,0.5,0,0
DisplayAd,FreeTrial,Growth,03-02-2020,5482,71,0.5,1,2
DisplayAd,FreeTrial,Growth,03-09-2020,6782,41,0.5,0,0
DisplayAd,FreeTrial,Growth,03-16-2020,5211,59,0.5,1,2
DisplayAd,FreeTrial,Growth,03-23-2020,5673,55,0.5,0,0
DisplayAd,PaidTrial,Free,01-06-2020,4329,20,0.5,3,0
DisplayAd,PaidTrial,Free,01-13-2020,4245,37,0.5,4,2
DisplayAd,PaidTrial,Free,01-20-2020,3421,43,0.5,5,2
DisplayAd,PaidTrial,Free,01-27-2020,4245,29,0.5,6,2
DisplayAd,PaidTrial,Free,02-03-2020,4720,34,0.5,2,1
DisplayAd,PaidTrial,Free,02-10-2020,3432,30,0.5,4,3
DisplayAd,PaidTrial,Free,02-17-2020,4211,43,0.5,3,1
DisplayAd,PaidTrial,Free,02-24-2020,3567,25,0.5,2,1
DisplayAd,PaidTrial,Free,03-02-2020,3212,34,0.5,2,0
DisplayAd,PaidTrial,Free,03-09-2020,4567,32,0.5,3,0
DisplayAd,PaidTrial,Free,03-16-2020,3233,43,0.5,2,2
DisplayAd,PaidTrial,Free,03-23-2020,5432,41,0.5,1,1
DisplayAd,PaidTrial,Starter,01-06-2020,4329,20,0.5,2,2
DisplayAd,PaidTrial,Starter,01-13-2020,4245,37,0.5,0,0
DisplayAd,PaidTrial,Starter,01-20-2020,3421,43,0.5,1,1
DisplayAd,PaidTrial,Starter,01-27-2020,4245,29,0.5,1,2
DisplayAd,PaidTrial,Starter,02-03-2020,4720,34,0.5,2,1
DisplayAd,PaidTrial,Starter,02-10-2020,3432,30,0.5,3,0
DisplayAd,PaidTrial,Starter,02-17-2020,4211,43,0.5,2,0
DisplayAd,PaidTrial,Starter,02-24-2020,3567,25,0.5,5,0
DisplayAd,PaidTrial,Starter,03-02-2020,3212,34,0.5,3,0
DisplayAd,PaidTrial,Starter,03-09-2020,4567,32,0.5,1,0
DisplayAd,PaidTrial,Starter,03-16-2020,3233,43,0.5,1,0
DisplayAd,PaidTrial,Starter,03-23-2020,5432,41,0.5,2,0
DisplayAd,PaidTrial,Growth,01-06-2020,4329,20,0.5,0,0
DisplayAd,PaidTrial,Growth,01-13-2020,4245,37,0.5,0,0
DisplayAd,PaidTrial,Growth,01-20-2020,3421,43,0.5,1,0
DisplayAd,PaidTrial,Growth,01-27-2020,4245,29,0.5,0,0
DisplayAd,PaidTrial,Growth,02-03-2020,4720,34,0.5,2,2
DisplayAd,PaidTrial,Growth,02-10-2020,3432,30,0.5,0,0
DisplayAd,PaidTrial,Growth,02-17-2020,4211,43,0.5,1,0
DisplayAd,PaidTrial,Growth,02-24-2020,3567,25,0.5,1,1
DisplayAd,PaidTrial,Growth,03-02-2020,3212,34,0.5,0,0
DisplayAd,PaidTrial,Growth,03-09-2020,4567,32,0.5,0,0
DisplayAd,PaidTrial,Growth,03-16-2020,3233,43,0.5,0,0
DisplayAd,PaidTrial,Growth,03-23-2020,5432,41,0.5,2,0
DisplayAd,DiscountCoupon1,Free,01-06-2020,4329,20,0.5,3,0
DisplayAd,DiscountCoupon1,Free,01-13-2020,4245,37,0.5,4,2
DisplayAd,DiscountCoupon1,Free,01-20-2020,3421,43,0.5,5,2
DisplayAd,DiscountCoupon1,Free,01-27-2020,4245,29,0.5,6,2
DisplayAd,DiscountCoupon1,Free,02-03-2020,4720,34,0.5,2,1
DisplayAd,DiscountCoupon1,Free,02-10-2020,3432,30,0.5,4,3
DisplayAd,DiscountCoupon1,Free,02-17-2020,4211,43,0.5,3,1
DisplayAd,DiscountCoupon1,Free,02-24-2020,3567,25,0.5,2,1
DisplayAd,DiscountCoupon1,Free,03-02-2020,3212,34,0.5,2,0
DisplayAd,DiscountCoupon1,Free,03-09-2020,4567,32,0.5,3,0
DisplayAd,DiscountCoupon1,Free,03-16-2020,3233,43,0.5,2,0
DisplayAd,DiscountCoupon1,Free,03-23-2020,5432,41,0.5,1,0
DisplayAd,DiscountCoupon1,Starter,01-06-2020,4329,20,0.5,2,2
DisplayAd,DiscountCoupon1,Starter,01-13-2020,4245,37,0.5,0,0
DisplayAd,DiscountCoupon1,Starter,01-20-2020,3421,43,0.5,1,1
DisplayAd,DiscountCoupon1,Starter,01-27-2020,4245,29,0.5,1,2
DisplayAd,DiscountCoupon1,Starter,02-03-2020,4720,34,0.5,2,1
DisplayAd,DiscountCoupon1,Starter,02-10-2020,3432,30,0.5,3,1
DisplayAd,DiscountCoupon1,Starter,02-17-2020,4211,43,0.5,2,0
DisplayAd,DiscountCoupon1,Starter,02-24-2020,3567,25,0.5,5,0
DisplayAd,DiscountCoupon1,Starter,03-02-2020,3212,34,0.5,3,0
DisplayAd,DiscountCoupon1,Starter,03-09-2020,4567,32,0.5,1,0
DisplayAd,DiscountCoupon1,Starter,03-16-2020,3233,43,0.5,1,0
DisplayAd,DiscountCoupon1,Starter,03-23-2020,5432,41,0.5,2,0
DisplayAd,DiscountCoupon1,Growth,01-06-2020,4329,20,0.5,0,0
DisplayAd,DiscountCoupon1,Growth,01-13-2020,4245,37,0.5,0,0
DisplayAd,DiscountCoupon1,Growth,01-20-2020,3421,43,0.5,1,0
DisplayAd,DiscountCoupon1,Growth,01-27-2020,4245,29,0.5,0,0
DisplayAd,DiscountCoupon1,Growth,02-03-2020,4720,34,0.5,2,2
DisplayAd,DiscountCoupon1,Growth,02-10-2020,3432,30,0.5,0,0
DisplayAd,DiscountCoupon1,Growth,02-17-2020,4211,43,0.5,1,0
DisplayAd,DiscountCoupon1,Growth,02-24-2020,3567,25,0.5,1,1
DisplayAd,DiscountCoupon1,Growth,03-02-2020,3212,34,0.5,0,0
DisplayAd,DiscountCoupon1,Growth,03-09-2020,4567,32,0.5,0,0
DisplayAd,DiscountCoupon1,Growth,03-16-2020,3233,43,0.5,0,0
DisplayAd,DiscountCoupon1,Growth,03-23-2020,5432,41,0.5,2,0
DisplayAd,DiscountCoupon2,Free,01-06-2020,3777,35,0.5,1,2
DisplayAd,DiscountCoupon2,Free,01-13-2020,3209,30,0.5,0,0
DisplayAd,DiscountCoupon2,Free,01-20-2020,4004,34,0.5,2,2
DisplayAd,DiscountCoupon2,Free,01-27-2020,4355,40,0.5,1,0
DisplayAd,DiscountCoupon2,Free,02-03-2020,3452,31,0.5,1,1
DisplayAd,DiscountCoupon2,Free,02-10-2020,3220,29,0.5,0,0
DisplayAd,DiscountCoupon2,Free,02-17-2020,3235,29,0.5,2,2
DisplayAd,DiscountCoupon2,Free,02-24-2020,4321,30,0.5,0,0
DisplayAd,DiscountCoupon2,Free,03-02-2020,2432,31,0.5,1,0
DisplayAd,DiscountCoupon2,Free,03-09-2020,3233,33,0.5,0,0
DisplayAd,DiscountCoupon2,Free,03-16-2020,3800,45,0.5,0,0
DisplayAd,DiscountCoupon2,Free,03-23-2020,4112,42,0.5,0,0
DisplayAd,DiscountCoupon2,Starter,01-06-2020,3777,35,0.5,2,4
DisplayAd,DiscountCoupon2,Starter,01-13-2020,3209,30,0.5,0,0
DisplayAd,DiscountCoupon2,Starter,01-20-2020,4004,34,0.5,0,0
DisplayAd,DiscountCoupon2,Starter,01-27-2020,4355,40,0.5,2,4
DisplayAd,DiscountCoupon2,Starter,02-03-2020,3452,31,0.5,0,0
DisplayAd,DiscountCoupon2,Starter,02-10-2020,3220,29,0.5,1,1
DisplayAd,DiscountCoupon2,Starter,02-17-2020,3235,29,0.5,1,0
DisplayAd,DiscountCoupon2,Starter,02-24-2020,4321,30,0.5,1,1
DisplayAd,DiscountCoupon2,Starter,03-02-2020,2432,31,0.5,0,0
DisplayAd,DiscountCoupon2,Starter,03-09-2020,3233,33,0.5,0,0
DisplayAd,DiscountCoupon2,Starter,03-16-2020,3800,45,0.5,1,0
DisplayAd,DiscountCoupon2,Starter,03-23-2020,4112,42,0.5,2,0
DisplayAd,DiscountCoupon2,Growth,01-06-2020,3777,35,0.5,1,2
DisplayAd,DiscountCoupon2,Growth,01-13-2020,3209,30,0.5,0,0
DisplayAd,DiscountCoupon2,Growth,01-20-2020,4004,34,0.5,1,2
DisplayAd,DiscountCoupon2,Growth,01-27-2020,4355,40,0.5,1,0
DisplayAd,DiscountCoupon2,Growth,02-03-2020,3452,31,0.5,0,0
DisplayAd,DiscountCoupon2,Growth,02-10-2020,3220,29,0.5,0,0
DisplayAd,DiscountCoupon2,Growth,02-17-2020,3235,29,0.5,1,1
DisplayAd,DiscountCoupon2,Growth,02-24-2020,4321,30,0.5,2,1
DisplayAd,DiscountCoupon2,Growth,03-02-2020,2432,31,0.5,0,0
DisplayAd,DiscountCoupon2,Growth,03-09-2020,3233,33,0.5,0,0
DisplayAd,DiscountCoupon2,Growth,03-16-2020,3800,45,0.5,0,0
DisplayAd,DiscountCoupon2,Growth,03-23-2020,4112,42,0.5,1,0
SearchAd,KW_HRSaaS_FreeTrial,Free,01-06-2020,4879,35,0.75,3,0
SearchAd,KW_HRSaaS_FreeTrial,Free,01-13-2020,5467,30,0.75,7,2
SearchAd,KW_HRSaaS_FreeTrial,Free,01-20-2020,5909,34,0.75,3,1
SearchAd,KW_HRSaaS_FreeTrial,Free,01-27-2020,6709,40,0.75,6,2
SearchAd,KW_HRSaaS_FreeTrial,Free,02-03-2020,6809,31,0.75,4,1
SearchAd,KW_HRSaaS_FreeTrial,Free,02-10-2020,6734,29,0.75,8,3
SearchAd,KW_HRSaaS_FreeTrial,Free,02-17-2020,5846,29,0.75,10,2
SearchAd,KW_HRSaaS_FreeTrial,Free,02-24-2020,5200,30,0.75,4,1
SearchAd,KW_HRSaaS_FreeTrial,Free,03-02-2020,5364,31,0.75,6,0
SearchAd,KW_HRSaaS_FreeTrial,Free,03-09-2020,4983,33,0.75,5,0
SearchAd,KW_HRSaaS_FreeTrial,Free,03-16-2020,5644,45,0.75,6,0
SearchAd,KW_HRSaaS_FreeTrial,Free,03-23-2020,5003,42,0.75,4,0
SearchAd,KW_HRSaaS_FreeTrial,Starter,01-06-2020,4879,35,0.75,4,2
SearchAd,KW_HRSaaS_FreeTrial,Starter,01-13-2020,5467,30,0.75,3,1
SearchAd,KW_HRSaaS_FreeTrial,Starter,01-20-2020,5909,34,0.75,5,0
SearchAd,KW_HRSaaS_FreeTrial,Starter,01-27-2020,6709,40,0.75,3,0
SearchAd,KW_HRSaaS_FreeTrial,Starter,02-03-2020,6809,31,0.75,0,0
SearchAd,KW_HRSaaS_FreeTrial,Starter,02-10-2020,6734,29,0.75,0,0
SearchAd,KW_HRSaaS_FreeTrial,Starter,02-17-2020,5846,29,0.75,0,0
SearchAd,KW_HRSaaS_FreeTrial,Starter,02-24-2020,5200,30,0.75,1,1
SearchAd,KW_HRSaaS_FreeTrial,Starter,03-02-2020,5364,31,0.75,1,0
SearchAd,KW_HRSaaS_FreeTrial,Starter,03-09-2020,4983,33,0.75,2,0
SearchAd,KW_HRSaaS_FreeTrial,Starter,03-16-2020,5644,45,0.75,0,0
SearchAd,KW_HRSaaS_FreeTrial,Starter,03-23-2020,5003,42,0.75,1,0
SearchAd,KW_HRSaaS_FreeTrial,Growth,01-06-2020,4879,35,0.75,1,1
SearchAd,KW_HRSaaS_FreeTrial,Growth,01-13-2020,5467,30,0.75,0,0
SearchAd,KW_HRSaaS_FreeTrial,Growth,01-20-2020,5909,34,0.75,1,0
SearchAd,KW_HRSaaS_FreeTrial,Growth,01-27-2020,6709,40,0.75,0,0
SearchAd,KW_HRSaaS_FreeTrial,Growth,02-03-2020,6809,31,0.75,0,0
SearchAd,KW_HRSaaS_FreeTrial,Growth,02-10-2020,6734,29,0.75,0,0
SearchAd,KW_HRSaaS_FreeTrial,Growth,02-17-2020,5846,29,0.75,2,1
SearchAd,KW_HRSaaS_FreeTrial,Growth,02-24-2020,5200,30,0.75,0,0
SearchAd,KW_HRSaaS_FreeTrial,Growth,03-02-2020,5364,31,0.75,0,0
SearchAd,KW_HRSaaS_FreeTrial,Growth,03-09-2020,4983,33,0.75,1,0
SearchAd,KW_HRSaaS_FreeTrial,Growth,03-16-2020,5644,45,0.75,0,0
SearchAd,KW_HRSaaS_FreeTrial,Growth,03-23-2020,5003,42,0.75,0,0
SearchAd,KW_Cloud-HR_FreeTrial,Free,01-06-2020,3691,35,0.9,2,1
SearchAd,KW_Cloud-HR_FreeTrial,Free,01-13-2020,3225,30,0.9,9,3
SearchAd,KW_Cloud-HR_FreeTrial,Free,01-20-2020,4103,34,0.9,15,2
SearchAd,KW_Cloud-HR_FreeTrial,Free,01-27-2020,4009,40,0.9,9,4
SearchAd,KW_Cloud-HR_FreeTrial,Free,02-03-2020,3832,31,0.9,4,1
SearchAd,KW_Cloud-HR_FreeTrial,Free,02-10-2020,3645,29,0.9,4,0
SearchAd,KW_Cloud-HR_FreeTrial,Free,02-17-2020,4302,29,0.9,3,1
SearchAd,KW_Cloud-HR_FreeTrial,Free,02-24-2020,4354,30,0.9,11,0
SearchAd,KW_Cloud-HR_FreeTrial,Free,03-02-2020,3800,31,0.9,13,0
SearchAd,KW_Cloud-HR_FreeTrial,Free,03-09-2020,4689,33,0.9,6,0
SearchAd,KW_Cloud-HR_FreeTrial,Free,03-16-2020,4566,45,0.9,7,0
SearchAd,KW_Cloud-HR_FreeTrial,Free,03-23-2020,3902,42,0.9,9,0
SearchAd,KW_Cloud-HR_FreeTrial,Starter,01-06-2020,3691,35,0.9,4,1
SearchAd,KW_Cloud-HR_FreeTrial,Starter,01-13-2020,3225,30,0.9,1,1
SearchAd,KW_Cloud-HR_FreeTrial,Starter,01-20-2020,4103,34,0.9,2,2
SearchAd,KW_Cloud-HR_FreeTrial,Starter,01-27-2020,4009,40,0.9,0,0
SearchAd,KW_Cloud-HR_FreeTrial,Starter,02-03-2020,3832,31,0.9,2,0
SearchAd,KW_Cloud-HR_FreeTrial,Starter,02-10-2020,3645,29,0.9,0,0
SearchAd,KW_Cloud-HR_FreeTrial,Starter,02-17-2020,4302,29,0.9,1,0
SearchAd,KW_Cloud-HR_FreeTrial,Starter,02-24-2020,4354,30,0.9,2,0
SearchAd,KW_Cloud-HR_FreeTrial,Starter,03-02-2020,3800,31,0.9,1,0
SearchAd,KW_Cloud-HR_FreeTrial,Starter,03-09-2020,4689,33,0.9,1,0
SearchAd,KW_Cloud-HR_FreeTrial,Starter,03-16-2020,4566,45,0.9,0,0
SearchAd,KW_Cloud-HR_FreeTrial,Starter,03-23-2020,3902,42,0.9,7,0
SearchAd,KW_Cloud-HR_FreeTrial,Growth,01-06-2020,3691,35,0.9,1,0
SearchAd,KW_Cloud-HR_FreeTrial,Growth,01-13-2020,3225,30,0.9,1,2
SearchAd,KW_Cloud-HR_FreeTrial,Growth,01-20-2020,4103,34,0.9,0,0
SearchAd,KW_Cloud-HR_FreeTrial,Growth,01-27-2020,4009,40,0.9,1,0
SearchAd,KW_Cloud-HR_FreeTrial,Growth,02-03-2020,3832,31,0.9,0,0
SearchAd,KW_Cloud-HR_FreeTrial,Growth,02-10-2020,3645,29,0.9,0,0
SearchAd,KW_Cloud-HR_FreeTrial,Growth,02-17-2020,4302,29,0.9,1,0
SearchAd,KW_Cloud-HR_FreeTrial,Growth,02-24-2020,4354,30,0.9,1,0
SearchAd,KW_Cloud-HR_FreeTrial,Growth,03-02-2020,3800,31,0.9,1,0
SearchAd,KW_Cloud-HR_FreeTrial,Growth,03-09-2020,4689,33,0.9,0,0
SearchAd,KW_Cloud-HR_FreeTrial,Growth,03-16-2020,4566,45,0.9,0,0
SearchAd,KW_Cloud-HR_FreeTrial,Growth,03-23-2020,3902,42,0.9,2,0
SearchAd,KW_Cloud-HRMS_FreeTrial,Free,01-06-2020,2211,22,0.6,2,0
SearchAd,KW_Cloud-HRMS_FreeTrial,Free,01-13-2020,2903,25,0.6,4,1
SearchAd,KW_Cloud-HRMS_FreeTrial,Free,01-20-2020,2315,27,0.6,2,0
SearchAd,KW_Cloud-HRMS_FreeTrial,Free,01-27-2020,1873,21,0.6,0,0
SearchAd,KW_Cloud-HRMS_FreeTrial,Free,02-03-2020,3020,29,0.6,3,1
SearchAd,KW_Cloud-HRMS_FreeTrial,Free,02-10-2020,2690,24,0.6,2,0
SearchAd,KW_Cloud-HRMS_FreeTrial,Free,02-17-2020,2627,26,0.6,1,0
SearchAd,KW_Cloud-HRMS_FreeTrial,Free,02-24-2020,3093,30,0.6,1,0
SearchAd,KW_Cloud-HRMS_FreeTrial,Free,03-02-2020,2908,22,0.6,0,0
SearchAd,KW_Cloud-HRMS_FreeTrial,Free,03-09-2020,3141,26,0.6,2,0
SearchAd,KW_Cloud-HRMS_FreeTrial,Free,03-16-2020,3150,32,0.6,0,0
SearchAd,KW_Cloud-HRMS_FreeTrial,Free,03-23-2020,2900,21,0.6,1,0
SearchAd,KW_Cloud-HRMS_FreeTrial,Starter,01-06-2020,2211,22,0.6,2,1
SearchAd,KW_Cloud-HRMS_FreeTrial,Starter,01-13-2020,2903,25,0.6,0,0
SearchAd,KW_Cloud-HRMS_FreeTrial,Starter,01-20-2020,2315,27,0.6,0,0
SearchAd,KW_Cloud-HRMS_FreeTrial,Starter,01-27-2020,1873,21,0.6,0,0
SearchAd,KW_Cloud-HRMS_FreeTrial,Starter,02-03-2020,3020,29,0.6,0,0
SearchAd,KW_Cloud-HRMS_FreeTrial,Starter,02-10-2020,2690,24,0.6,1,0
SearchAd,KW_Cloud-HRMS_FreeTrial,Starter,02-17-2020,2627,26,0.6,2,1
SearchAd,KW_Cloud-HRMS_FreeTrial,Starter,02-24-2020,3093,30,0.6,2,1
SearchAd,KW_Cloud-HRMS_FreeTrial,Starter,03-02-2020,2908,22,0.6,0,0
SearchAd,KW_Cloud-HRMS_FreeTrial,Starter,03-09-2020,3141,26,0.6,1,0
SearchAd,KW_Cloud-HRMS_FreeTrial,Starter,03-16-2020,3150,32,0.6,0,0
SearchAd,KW_Cloud-HRMS_FreeTrial,Starter,03-23-2020,2900,21,0.6,0,0
SearchAd,KW_Cloud-HRMS_FreeTrial,Growth,01-06-2020,2211,22,0.6,0,0
SearchAd,KW_Cloud-HRMS_FreeTrial,Growth,01-13-2020,2903,25,0.6,0,0
SearchAd,KW_Cloud-HRMS_FreeTrial,Growth,01-20-2020,2315,27,0.6,0,0
SearchAd,KW_Cloud-HRMS_FreeTrial,Growth,01-27-2020,1873,21,0.6,0,0
SearchAd,KW_Cloud-HRMS_FreeTrial,Growth,02-03-2020,3020,29,0.6,1,0
SearchAd,KW_Cloud-HRMS_FreeTrial,Growth,02-10-2020,2690,24,0.6,0,0
SearchAd,KW_Cloud-HRMS_FreeTrial,Growth,02-17-2020,2627,26,0.6,1,1
SearchAd,KW_Cloud-HRMS_FreeTrial,Growth,02-24-2020,3093,30,0.6,0,0
SearchAd,KW_Cloud-HRMS_FreeTrial,Growth,03-02-2020,2908,22,0.6,0,0
SearchAd,KW_Cloud-HRMS_FreeTrial,Growth,03-09-2020,3141,26,0.6,1,0
SearchAd,KW_Cloud-HRMS_FreeTrial,Growth,03-16-2020,3150,32,0.6,0,0
SearchAd,KW_Cloud-HRMS_FreeTrial,Growth,03-23-2020,2900,21,0.6,1,0
SearchAd,KW_HRSaaS_PaidTrial,Free,01-06-2020,4809,34,0.75,2,1
SearchAd,KW_HRSaaS_PaidTrial,Free,01-13-2020,5417,37,0.75,4,1
SearchAd,KW_HRSaaS_PaidTrial,Free,01-20-2020,4325,31,0.75,4,1
SearchAd,KW_HRSaaS_PaidTrial,Free,01-27-2020,4370,29,0.75,2,0
SearchAd,KW_HRSaaS_PaidTrial,Free,02-03-2020,5628,30,0.75,4,0
SearchAd,KW_HRSaaS_PaidTrial,Free,02-10-2020,6143,31,0.75,5,1
SearchAd,KW_HRSaaS_PaidTrial,Free,02-17-2020,4813,26,0.75,3,0
SearchAd,KW_HRSaaS_PaidTrial,Free,02-24-2020,5643,31,0.75,6,0
SearchAd,KW_HRSaaS_PaidTrial,Free,03-02-2020,5699,35,0.75,2,0
SearchAd,KW_HRSaaS_PaidTrial,Free,03-09-2020,5231,40,0.75,5,0
SearchAd,KW_HRSaaS_PaidTrial,Free,03-16-2020,4908,32,0.75,4,0
SearchAd,KW_HRSaaS_PaidTrial,Free,03-23-2020,4922,33,0.75,3,0
SearchAd,KW_HRSaaS_PaidTrial,Starter,01-06-2020,4809,34,0.75,2,0
SearchAd,KW_HRSaaS_PaidTrial,Starter,01-13-2020,5417,37,0.75,3,0
SearchAd,KW_HRSaaS_PaidTrial,Starter,01-20-2020,4325,31,0.75,2,0
SearchAd,KW_HRSaaS_PaidTrial,Starter,01-27-2020,4370,29,0.75,0,0
SearchAd,KW_HRSaaS_PaidTrial,Starter,02-03-2020,5628,30,0.75,1,1
SearchAd,KW_HRSaaS_PaidTrial,Starter,02-10-2020,6143,31,0.75,2,0
SearchAd,KW_HRSaaS_PaidTrial,Starter,02-17-2020,4813,26,0.75,0,0
SearchAd,KW_HRSaaS_PaidTrial,Starter,02-24-2020,5643,31,0.75,0,0
SearchAd,KW_HRSaaS_PaidTrial,Starter,03-02-2020,5699,35,0.75,3,0
SearchAd,KW_HRSaaS_PaidTrial,Starter,03-09-2020,5231,40,0.75,0,0
SearchAd,KW_HRSaaS_PaidTrial,Starter,03-16-2020,4908,32,0.75,1,0
SearchAd,KW_HRSaaS_PaidTrial,Starter,03-23-2020,4922,33,0.75,1,1
SearchAd,KW_HRSaaS_PaidTrial,Growth,01-06-2020,4809,34,0.75,1,0
SearchAd,KW_HRSaaS_PaidTrial,Growth,01-13-2020,5417,37,0.75,0,0
SearchAd,KW_HRSaaS_PaidTrial,Growth,01-20-2020,4325,31,0.75,2,0
SearchAd,KW_HRSaaS_PaidTrial,Growth,01-27-2020,4370,29,0.75,0,0
SearchAd,KW_HRSaaS_PaidTrial,Growth,02-03-2020,5628,30,0.75,1,0
SearchAd,KW_HRSaaS_PaidTrial,Growth,02-10-2020,6143,31,0.75,1,0
SearchAd,KW_HRSaaS_PaidTrial,Growth,02-17-2020,4813,26,0.75,1,0
SearchAd,KW_HRSaaS_PaidTrial,Growth,02-24-2020,5643,31,0.75,0,0
SearchAd,KW_HRSaaS_PaidTrial,Growth,03-02-2020,5699,35,0.75,3,0
SearchAd,KW_HRSaaS_PaidTrial,Growth,03-09-2020,5231,40,0.75,1,0
SearchAd,KW_HRSaaS_PaidTrial,Growth,03-16-2020,4908,32,0.75,0,0
SearchAd,KW_HRSaaS_PaidTrial,Growth,03-23-2020,4922,33,0.75,0,0
SearchAd,KW_Cloud-HR_PaidTrial,Free,01-06-2020,3210,32,0.9,3,2
SearchAd,KW_Cloud-HR_PaidTrial,Free,01-13-2020,3224,33,0.9,3,1
SearchAd,KW_Cloud-HR_PaidTrial,Free,01-20-2020,2920,31,0.9,2,1
SearchAd,KW_Cloud-HR_PaidTrial,Free,01-27-2020,3102,43,0.9,1,1
SearchAd,KW_Cloud-HR_PaidTrial,Free,02-03-2020,2780,21,0.9,3,0
SearchAd,KW_Cloud-HR_PaidTrial,Free,02-10-2020,3130,14,0.9,1,0
SearchAd,KW_Cloud-HR_PaidTrial,Free,02-17-2020,3310,16,0.9,3,1
SearchAd,KW_Cloud-HR_PaidTrial,Free,02-24-2020,3909,31,0.9,2,0
SearchAd,KW_Cloud-HR_PaidTrial,Free,03-02-2020,2830,32,0.9,2,0
SearchAd,KW_Cloud-HR_PaidTrial,Free,03-09-2020,3421,22,0.9,4,0
SearchAd,KW_Cloud-HR_PaidTrial,Free,03-16-2020,5460,26,0.9,6,0
SearchAd,KW_Cloud-HR_PaidTrial,Free,03-23-2020,3839,25,0.9,4,0
SearchAd,KW_Cloud-HR_PaidTrial,Starter,01-06-2020,3210,32,0.9,1,0
SearchAd,KW_Cloud-HR_PaidTrial,Starter,01-13-2020,3224,33,0.9,2,0
SearchAd,KW_Cloud-HR_PaidTrial,Starter,01-20-2020,2920,31,0.9,1,1
SearchAd,KW_Cloud-HR_PaidTrial,Starter,01-27-2020,3102,43,0.9,2,1
SearchAd,KW_Cloud-HR_PaidTrial,Starter,02-03-2020,2780,21,0.9,2,0
SearchAd,KW_Cloud-HR_PaidTrial,Starter,02-10-2020,3130,14,0.9,3,0
SearchAd,KW_Cloud-HR_PaidTrial,Starter,02-17-2020,3310,16,0.9,2,2
SearchAd,KW_Cloud-HR_PaidTrial,Starter,02-24-2020,3909,31,0.9,0,0
SearchAd,KW_Cloud-HR_PaidTrial,Starter,03-02-2020,2830,32,0.9,1,0
SearchAd,KW_Cloud-HR_PaidTrial,Starter,03-09-2020,3421,22,0.9,2,0
SearchAd,KW_Cloud-HR_PaidTrial,Starter,03-16-2020,5460,26,0.9,2,0
SearchAd,KW_Cloud-HR_PaidTrial,Starter,03-23-2020,3839,25,0.9,2,0
SearchAd,KW_Cloud-HR_PaidTrial,Growth,01-06-2020,3210,32,0.9,0,0
SearchAd,KW_Cloud-HR_PaidTrial,Growth,01-13-2020,3224,33,0.9,0,0
SearchAd,KW_Cloud-HR_PaidTrial,Growth,01-20-2020,2920,31,0.9,1,0
SearchAd,KW_Cloud-HR_PaidTrial,Growth,01-27-2020,3102,43,0.9,1,0
SearchAd,KW_Cloud-HR_PaidTrial,Growth,02-03-2020,2780,21,0.9,1,1
SearchAd,KW_Cloud-HR_PaidTrial,Growth,02-10-2020,3130,14,0.9,0,0
SearchAd,KW_Cloud-HR_PaidTrial,Growth,02-17-2020,3310,16,0.9,0,0
SearchAd,KW_Cloud-HR_PaidTrial,Growth,02-24-2020,3909,31,0.9,1,0
SearchAd,KW_Cloud-HR_PaidTrial,Growth,03-02-2020,2830,32,0.9,1,0
SearchAd,KW_Cloud-HR_PaidTrial,Growth,03-09-2020,3421,22,0.9,0,0
SearchAd,KW_Cloud-HR_PaidTrial,Growth,03-16-2020,5460,26,0.9,1,0
SearchAd,KW_Cloud-HR_PaidTrial,Growth,03-23-2020,3839,25,0.9,1,0
SearchAd,KW_Cloud-HRMS_PaidTrial,Free,01-06-2020,2190,24,0.6,5,3
SearchAd,KW_Cloud-HRMS_PaidTrial,Free,01-13-2020,2238,22,0.6,6,1
SearchAd,KW_Cloud-HRMS_PaidTrial,Free,01-20-2020,2426,18,0.6,3,1
SearchAd,KW_Cloud-HRMS_PaidTrial,Free,01-27-2020,2242,12,0.6,5,1
SearchAd,KW_Cloud-HRMS_PaidTrial,Free,02-03-2020,2520,15,0.6,3,0
SearchAd,KW_Cloud-HRMS_PaidTrial,Free,02-10-2020,1998,10,0.6,5,0
SearchAd,KW_Cloud-HRMS_PaidTrial,Free,02-17-2020,2491,13,0.6,6,2
SearchAd,KW_Cloud-HRMS_PaidTrial,Free,02-24-2020,2753,16,0.6,3,1
SearchAd,KW_Cloud-HRMS_PaidTrial,Free,03-02-2020,2241,12,0.6,2,0
SearchAd,KW_Cloud-HRMS_PaidTrial,Free,03-09-2020,2005,9,0.6,1,0
SearchAd,KW_Cloud-HRMS_PaidTrial,Free,03-16-2020,2320,21,0.6,2,0
SearchAd,KW_Cloud-HRMS_PaidTrial,Free,03-23-2020,2675,23,0.6,5,0
SearchAd,KW_Cloud-HRMS_PaidTrial,Starter,01-06-2020,2190,24,0.6,1,0
SearchAd,KW_Cloud-HRMS_PaidTrial,Starter,01-13-2020,2238,22,0.6,1,0
SearchAd,KW_Cloud-HRMS_PaidTrial,Starter,01-20-2020,2426,18,0.6,0,0
SearchAd,KW_Cloud-HRMS_PaidTrial,Starter,01-27-2020,2242,12,0.6,1,0
SearchAd,KW_Cloud-HRMS_PaidTrial,Starter,02-03-2020,2520,15,0.6,1,1
SearchAd,KW_Cloud-HRMS_PaidTrial,Starter,02-10-2020,1998,10,0.6,1,0
SearchAd,KW_Cloud-HRMS_PaidTrial,Starter,02-17-2020,2491,13,0.6,1,0
SearchAd,KW_Cloud-HRMS_PaidTrial,Starter,02-24-2020,2753,16,0.6,2,2
SearchAd,KW_Cloud-HRMS_PaidTrial,Starter,03-02-2020,2241,12,0.6,2,0
SearchAd,KW_Cloud-HRMS_PaidTrial,Starter,03-09-2020,2005,9,0.6,0,0
SearchAd,KW_Cloud-HRMS_PaidTrial,Starter,03-16-2020,2320,21,0.6,0,0
SearchAd,KW_Cloud-HRMS_PaidTrial,Starter,03-23-2020,2675,23,0.6,0,0
SearchAd,KW_Cloud-HRMS_PaidTrial,Growth,01-06-2020,2190,24,0.6,1,0
SearchAd,KW_Cloud-HRMS_PaidTrial,Growth,01-13-2020,2238,22,0.6,1,2
SearchAd,KW_Cloud-HRMS_PaidTrial,Growth,01-20-2020,2426,18,0.6,0,0
SearchAd,KW_Cloud-HRMS_PaidTrial,Growth,01-27-2020,2242,12,0.6,1,0
SearchAd,KW_Cloud-HRMS_PaidTrial,Growth,02-03-2020,2520,15,0.6,2,0
SearchAd,KW_Cloud-HRMS_PaidTrial,Growth,02-10-2020,1998,10,0.6,0,0
SearchAd,KW_Cloud-HRMS_PaidTrial,Growth,02-17-2020,2491,13,0.6,0,0
SearchAd,KW_Cloud-HRMS_PaidTrial,Growth,02-24-2020,2753,16,0.6,1,0
SearchAd,KW_Cloud-HRMS_PaidTrial,Growth,03-02-2020,2241,12,0.6,0,0
SearchAd,KW_Cloud-HRMS_PaidTrial,Growth,03-09-2020,2005,9,0.6,0,0
SearchAd,KW_Cloud-HRMS_PaidTrial,Growth,03-16-2020,2320,21,0.6,0,0
SearchAd,KW_Cloud-HRMS_PaidTrial,Growth,03-23-2020,2675,23,0.6,0,0
SearchAd,KW_HRSaaS_DC1,Free,01-06-2020,4403,32,0.75,12,2
SearchAd,KW_HRSaaS_DC1,Free,01-13-2020,4834,35,0.75,9,1
SearchAd,KW_HRSaaS_DC1,Free,01-20-2020,3920,31,0.75,7,2
SearchAd,KW_HRSaaS_DC1,Free,01-27-2020,4197,29,0.75,8,0
SearchAd,KW_HRSaaS_DC1,Free,02-03-2020,4095,33,0.75,10,2
SearchAd,KW_HRSaaS_DC1,Free,02-10-2020,4720,24,0.75,7,1
SearchAd,KW_HRSaaS_DC1,Free,02-17-2020,5331,29,0.75,5,0
SearchAd,KW_HRSaaS_DC1,Free,02-24-2020,4801,22,0.75,7,0
SearchAd,KW_HRSaaS_DC1,Free,03-02-2020,4770,36,0.75,14,0
SearchAd,KW_HRSaaS_DC1,Free,03-09-2020,4910,32,0.75,11,0
SearchAd,KW_HRSaaS_DC1,Free,03-16-2020,5231,35,0.75,9,0
SearchAd,KW_HRSaaS_DC1,Free,03-23-2020,5004,31,0.75,11,0
SearchAd,KW_HRSaaS_DC1,Starter,01-06-2020,4403,32,0.75,1,2
SearchAd,KW_HRSaaS_DC1,Starter,01-13-2020,4834,35,0.75,2,1
SearchAd,KW_HRSaaS_DC1,Starter,01-20-2020,3920,31,0.75,1,1
SearchAd,KW_HRSaaS_DC1,Starter,01-27-2020,4197,29,0.75,0,0
SearchAd,KW_HRSaaS_DC1,Starter,02-03-2020,4095,33,0.75,1,1
SearchAd,KW_HRSaaS_DC1,Starter,02-10-2020,4720,24,0.75,1,0
SearchAd,KW_HRSaaS_DC1,Starter,02-17-2020,5331,29,0.75,2,0
SearchAd,KW_HRSaaS_DC1,Starter,02-24-2020,4801,22,0.75,1,0
SearchAd,KW_HRSaaS_DC1,Starter,03-02-2020,4770,36,0.75,0,0
SearchAd,KW_HRSaaS_DC1,Starter,03-09-2020,4910,32,0.75,2,0
SearchAd,KW_HRSaaS_DC1,Starter,03-16-2020,5231,35,0.75,0,0
SearchAd,KW_HRSaaS_DC1,Starter,03-23-2020,5004,31,0.75,1,0
SearchAd,KW_HRSaaS_DC1,Growth,01-06-2020,4403,32,0.75,1,1
SearchAd,KW_HRSaaS_DC1,Growth,01-13-2020,4834,35,0.75,0,0
SearchAd,KW_HRSaaS_DC1,Growth,01-20-2020,3920,31,0.75,1,0
SearchAd,KW_HRSaaS_DC1,Growth,01-27-2020,4197,29,0.75,0,0
SearchAd,KW_HRSaaS_DC1,Growth,02-03-2020,4095,33,0.75,1,0
SearchAd,KW_HRSaaS_DC1,Growth,02-10-2020,4720,24,0.75,1,0
SearchAd,KW_HRSaaS_DC1,Growth,02-17-2020,5331,29,0.75,0,0
SearchAd,KW_HRSaaS_DC1,Growth,02-24-2020,4801,22,0.75,1,1
SearchAd,KW_HRSaaS_DC1,Growth,03-02-2020,4770,36,0.75,0,0
SearchAd,KW_HRSaaS_DC1,Growth,03-09-2020,4910,32,0.75,0,0
SearchAd,KW_HRSaaS_DC1,Growth,03-16-2020,5231,35,0.75,0,0
SearchAd,KW_HRSaaS_DC1,Growth,03-23-2020,5004,31,0.75,0,0
SearchAd,KW_Cloud-HR_DC1,Free,01-06-2020,2427,32,0.9,9,0
SearchAd,KW_Cloud-HR_DC1,Free,01-13-2020,2628,33,0.9,7,1
SearchAd,KW_Cloud-HR_DC1,Free,01-20-2020,2419,36,0.9,6,0
SearchAd,KW_Cloud-HR_DC1,Free,01-27-2020,2820,39,0.9,3,1
SearchAd,KW_Cloud-HR_DC1,Free,02-03-2020,2623,31,0.9,6,1
SearchAd,KW_Cloud-HR_DC1,Free,02-10-2020,2611,35,0.9,7,2
SearchAd,KW_Cloud-HR_DC1,Free,02-17-2020,2740,21,0.9,4,1
SearchAd,KW_Cloud-HR_DC1,Free,02-24-2020,2310,34,0.9,7,0
SearchAd,KW_Cloud-HR_DC1,Free,03-02-2020,2420,22,0.9,9,0
SearchAd,KW_Cloud-HR_DC1,Free,03-09-2020,2501,27,0.9,9,0
SearchAd,KW_Cloud-HR_DC1,Free,03-16-2020,2388,25,0.9,9,0
SearchAd,KW_Cloud-HR_DC1,Free,03-23-2020,3091,24,0.9,2,0
SearchAd,KW_Cloud-HR_DC1,Starter,01-06-2020,2427,32,0.9,5,2
SearchAd,KW_Cloud-HR_DC1,Starter,01-13-2020,2628,33,0.9,1,0
SearchAd,KW_Cloud-HR_DC1,Starter,01-20-2020,2419,36,0.9,1,1
SearchAd,KW_Cloud-HR_DC1,Starter,01-27-2020,2820,39,0.9,4,0
SearchAd,KW_Cloud-HR_DC1,Starter,02-03-2020,2623,31,0.9,1,2
SearchAd,KW_Cloud-HR_DC1,Starter,02-10-2020,2611,35,0.9,2,0
SearchAd,KW_Cloud-HR_DC1,Starter,02-17-2020,2740,21,0.9,1,0
SearchAd,KW_Cloud-HR_DC1,Starter,02-24-2020,2310,34,0.9,2,0
SearchAd,KW_Cloud-HR_DC1,Starter,03-02-2020,2420,22,0.9,2,0
SearchAd,KW_Cloud-HR_DC1,Starter,03-09-2020,2501,27,0.9,2,0
SearchAd,KW_Cloud-HR_DC1,Starter,03-16-2020,2388,25,0.9,2,0
SearchAd,KW_Cloud-HR_DC1,Starter,03-23-2020,3091,24,0.9,4,0
SearchAd,KW_Cloud-HR_DC1,Growth,01-06-2020,2427,32,0.9,1,0
SearchAd,KW_Cloud-HR_DC1,Growth,01-13-2020,2628,33,0.9,1,1
SearchAd,KW_Cloud-HR_DC1,Growth,01-20-2020,2419,36,0.9,1,1
SearchAd,KW_Cloud-HR_DC1,Growth,01-27-2020,2820,39,0.9,2,0
SearchAd,KW_Cloud-HR_DC1,Growth,02-03-2020,2623,31,0.9,0,0
SearchAd,KW_Cloud-HR_DC1,Growth,02-10-2020,2611,35,0.9,0,0
SearchAd,KW_Cloud-HR_DC1,Growth,02-17-2020,2740,21,0.9,1,1
SearchAd,KW_Cloud-HR_DC1,Growth,02-24-2020,2310,34,0.9,1,0
SearchAd,KW_Cloud-HR_DC1,Growth,03-02-2020,2420,22,0.9,0,0
SearchAd,KW_Cloud-HR_DC1,Growth,03-09-2020,2501,27,0.9,2,0
SearchAd,KW_Cloud-HR_DC1,Growth,03-16-2020,2388,25,0.9,1,0
SearchAd,KW_Cloud-HR_DC1,Growth,03-23-2020,3091,24,0.9,0,0
SearchAd,KW_Cloud-HRMS_DC1,Free,01-06-2020,1734,15,0.6,1,0
SearchAd,KW_Cloud-HRMS_DC1,Free,01-13-2020,1730,14,0.6,4,2
SearchAd,KW_Cloud-HRMS_DC1,Free,01-20-2020,1902,15,0.6,0,0
SearchAd,KW_Cloud-HRMS_DC1,Free,01-27-2020,2431,18,0.6,1,1
SearchAd,KW_Cloud-HRMS_DC1,Free,02-03-2020,1820,13,0.6,3,0
SearchAd,KW_Cloud-HRMS_DC1,Free,02-10-2020,1947,20,0.6,0,0
SearchAd,KW_Cloud-HRMS_DC1,Free,02-17-2020,2024,22,0.6,0,0
SearchAd,KW_Cloud-HRMS_DC1,Free,02-24-2020,2320,24,0.6,2,1
SearchAd,KW_Cloud-HRMS_DC1,Free,03-02-2020,1920,14,0.6,3,0
SearchAd,KW_Cloud-HRMS_DC1,Free,03-09-2020,2301,13,0.6,1,0
SearchAd,KW_Cloud-HRMS_DC1,Free,03-16-2020,2377,10,0.6,1,0
SearchAd,KW_Cloud-HRMS_DC1,Free,03-23-2020,2410,30,0.6,1,0
SearchAd,KW_Cloud-HRMS_DC1,Starter,01-06-2020,1734,15,0.6,1,0
SearchAd,KW_Cloud-HRMS_DC1,Starter,01-13-2020,1730,14,0.6,2,1
SearchAd,KW_Cloud-HRMS_DC1,Starter,01-20-2020,1902,15,0.6,1,0
SearchAd,KW_Cloud-HRMS_DC1,Starter,01-27-2020,2431,18,0.6,0,0
SearchAd,KW_Cloud-HRMS_DC1,Starter,02-03-2020,1820,13,0.6,1,0
SearchAd,KW_Cloud-HRMS_DC1,Starter,02-10-2020,1947,20,0.6,1,0
SearchAd,KW_Cloud-HRMS_DC1,Starter,02-17-2020,2024,22,0.6,2,1
SearchAd,KW_Cloud-HRMS_DC1,Starter,02-24-2020,2320,24,0.6,1,0
SearchAd,KW_Cloud-HRMS_DC1,Starter,03-02-2020,1920,14,0.6,0,0
SearchAd,KW_Cloud-HRMS_DC1,Starter,03-09-2020,2301,13,0.6,1,0
SearchAd,KW_Cloud-HRMS_DC1,Starter,03-16-2020,2377,10,0.6,0,0
SearchAd,KW_Cloud-HRMS_DC1,Starter,03-23-2020,2410,30,0.6,1,0
SearchAd,KW_Cloud-HRMS_DC1,Growth,01-06-2020,1734,15,0.6,2,0
SearchAd,KW_Cloud-HRMS_DC1,Growth,01-13-2020,1730,14,0.6,1,0
SearchAd,KW_Cloud-HRMS_DC1,Growth,01-20-2020,1902,15,0.6,1,0
SearchAd,KW_Cloud-HRMS_DC1,Growth,01-27-2020,2431,18,0.6,0,0
SearchAd,KW_Cloud-HRMS_DC1,Growth,02-03-2020,1820,13,0.6,2,0
SearchAd,KW_Cloud-HRMS_DC1,Growth,02-10-2020,1947,20,0.6,0,0
SearchAd,KW_Cloud-HRMS_DC1,Growth,02-17-2020,2024,22,0.6,0,0
SearchAd,KW_Cloud-HRMS_DC1,Growth,02-24-2020,2320,24,0.6,1,1
SearchAd,KW_Cloud-HRMS_DC1,Growth,03-02-2020,1920,14,0.6,1,0
SearchAd,KW_Cloud-HRMS_DC1,Growth,03-09-2020,2301,13,0.6,0,0
SearchAd,KW_Cloud-HRMS_DC1,Growth,03-16-2020,2377,10,0.6,1,0
SearchAd,KW_Cloud-HRMS_DC1,Growth,03-23-2020,2410,30,0.6,2,0
SearchAd,KW_HRSaaS_DC2,Free,01-06-2020,5672,43,0.75,3,1
SearchAd,KW_HRSaaS_DC2,Free,01-13-2020,5450,41,0.75,2,0
SearchAd,KW_HRSaaS_DC2,Free,01-20-2020,5300,38,0.75,3,0
SearchAd,KW_HRSaaS_DC2,Free,01-27-2020,5846,42,0.75,1,0
SearchAd,KW_HRSaaS_DC2,Free,02-03-2020,5120,45,0.75,3,1
SearchAd,KW_HRSaaS_DC2,Free,02-10-2020,4910,29,0.75,2,1
SearchAd,KW_HRSaaS_DC2,Free,02-17-2020,5219,35,0.75,3,0
SearchAd,KW_HRSaaS_DC2,Free,02-24-2020,5554,42,0.75,4,2
SearchAd,KW_HRSaaS_DC2,Free,03-02-2020,5449,31,0.75,0,0
SearchAd,KW_HRSaaS_DC2,Free,03-09-2020,5210,35,0.75,2,0
SearchAd,KW_HRSaaS_DC2,Free,03-16-2020,5123,42,0.75,0,0
SearchAd,KW_HRSaaS_DC2,Free,03-23-2020,5059,47,0.75,1,0
SearchAd,KW_HRSaaS_DC2,Starter,01-06-2020,5672,43,0.75,0,0
SearchAd,KW_HRSaaS_DC2,Starter,01-13-2020,5450,41,0.75,1,1
SearchAd,KW_HRSaaS_DC2,Starter,01-20-2020,5300,38,0.75,3,1
SearchAd,KW_HRSaaS_DC2,Starter,01-27-2020,5846,42,0.75,0,0
SearchAd,KW_HRSaaS_DC2,Starter,02-03-2020,5120,45,0.75,0,0
SearchAd,KW_HRSaaS_DC2,Starter,02-10-2020,4910,29,0.75,1,0
SearchAd,KW_HRSaaS_DC2,Starter,02-17-2020,5219,35,0.75,1,1
SearchAd,KW_HRSaaS_DC2,Starter,02-24-2020,5554,42,0.75,0,0
SearchAd,KW_HRSaaS_DC2,Starter,03-02-2020,5449,31,0.75,0,0
SearchAd,KW_HRSaaS_DC2,Starter,03-09-2020,5210,35,0.75,0,0
SearchAd,KW_HRSaaS_DC2,Starter,03-16-2020,5123,42,0.75,1,0
SearchAd,KW_HRSaaS_DC2,Starter,03-23-2020,5059,47,0.75,0,0
SearchAd,KW_HRSaaS_DC2,Growth,01-06-2020,5672,43,0.75,0,0
SearchAd,KW_HRSaaS_DC2,Growth,01-13-2020,5450,41,0.75,0,0
SearchAd,KW_HRSaaS_DC2,Growth,01-20-2020,5300,38,0.75,0,0
SearchAd,KW_HRSaaS_DC2,Growth,01-27-2020,5846,42,0.75,2,1
SearchAd,KW_HRSaaS_DC2,Growth,02-03-2020,5120,45,0.75,0,0
SearchAd,KW_HRSaaS_DC2,Growth,02-10-2020,4910,29,0.75,0,0
SearchAd,KW_HRSaaS_DC2,Growth,02-17-2020,5219,35,0.75,1,1
SearchAd,KW_HRSaaS_DC2,Growth,02-24-2020,5554,42,0.75,0,0
SearchAd,KW_HRSaaS_DC2,Growth,03-02-2020,5449,31,0.75,0,0
SearchAd,KW_HRSaaS_DC2,Growth,03-09-2020,5210,35,0.75,1,0
SearchAd,KW_HRSaaS_DC2,Growth,03-16-2020,5123,42,0.75,1,0
SearchAd,KW_HRSaaS_DC2,Growth,03-23-2020,5059,47,0.75,0,0
SearchAd,KW_Cloud-HR_DC2,Free,01-06-2020,3331,24,0.9,1,0
SearchAd,KW_Cloud-HR_DC2,Free,01-13-2020,2826,32,0.9,2,0
SearchAd,KW_Cloud-HR_DC2,Free,01-20-2020,2720,25,0.9,1,0
SearchAd,KW_Cloud-HR_DC2,Free,01-27-2020,3000,21,0.9,1,0
SearchAd,KW_Cloud-HR_DC2,Free,02-03-2020,2837,19,0.9,2,1
SearchAd,KW_Cloud-HR_DC2,Free,02-10-2020,2498,13,0.9,3,0
SearchAd,KW_Cloud-HR_DC2,Free,02-17-2020,2628,23,0.9,0,0
SearchAd,KW_Cloud-HR_DC2,Free,02-24-2020,4082,25,0.9,1,0
SearchAd,KW_Cloud-HR_DC2,Free,03-02-2020,3621,28,0.9,1,0
SearchAd,KW_Cloud-HR_DC2,Free,03-09-2020,2998,35,0.9,0,0
SearchAd,KW_Cloud-HR_DC2,Free,03-16-2020,3211,30,0.9,1,0
SearchAd,KW_Cloud-HR_DC2,Free,03-23-2020,2431,37,0.9,0,0
SearchAd,KW_Cloud-HR_DC2,Starter,01-06-2020,3331,24,0.9,0,0
SearchAd,KW_Cloud-HR_DC2,Starter,01-13-2020,2826,32,0.9,0,0
SearchAd,KW_Cloud-HR_DC2,Starter,01-20-2020,2720,25,0.9,0,0
SearchAd,KW_Cloud-HR_DC2,Starter,01-27-2020,3000,21,0.9,1,1
SearchAd,KW_Cloud-HR_DC2,Starter,02-03-2020,2837,19,0.9,0,0
SearchAd,KW_Cloud-HR_DC2,Starter,02-10-2020,2498,13,0.9,0,0
SearchAd,KW_Cloud-HR_DC2,Starter,02-17-2020,2628,23,0.9,0,0
SearchAd,KW_Cloud-HR_DC2,Starter,02-24-2020,4082,25,0.9,0,0
SearchAd,KW_Cloud-HR_DC2,Starter,03-02-2020,3621,28,0.9,0,0
SearchAd,KW_Cloud-HR_DC2,Starter,03-09-2020,2998,35,0.9,0,0
SearchAd,KW_Cloud-HR_DC2,Starter,03-16-2020,3211,30,0.9,0,0
SearchAd,KW_Cloud-HR_DC2,Starter,03-23-2020,2431,37,0.9,1,0
SearchAd,KW_Cloud-HR_DC2,Growth,01-06-2020,3331,24,0.9,0,0
SearchAd,KW_Cloud-HR_DC2,Growth,01-13-2020,2826,32,0.9,1,2
SearchAd,KW_Cloud-HR_DC2,Growth,01-20-2020,2720,25,0.9,0,0
SearchAd,KW_Cloud-HR_DC2,Growth,01-27-2020,3000,21,0.9,1,0
SearchAd,KW_Cloud-HR_DC2,Growth,02-03-2020,2837,19,0.9,0,0
SearchAd,KW_Cloud-HR_DC2,Growth,02-10-2020,2498,13,0.9,2,0
SearchAd,KW_Cloud-HR_DC2,Growth,02-17-2020,2628,23,0.9,1,0
SearchAd,KW_Cloud-HR_DC2,Growth,02-24-2020,4082,25,0.9,0,0
SearchAd,KW_Cloud-HR_DC2,Growth,03-02-2020,3621,28,0.9,1,0
SearchAd,KW_Cloud-HR_DC2,Growth,03-09-2020,2998,35,0.9,1,0
SearchAd,KW_Cloud-HR_DC2,Growth,03-16-2020,3211,30,0.9,1,0
SearchAd,KW_Cloud-HR_DC2,Growth,03-23-2020,2431,37,0.9,3,0
SearchAd,KW_Cloud-HRMS_DC2,Free,01-06-2020,1799,15,0.6,1,0
SearchAd,KW_Cloud-HRMS_DC2,Free,01-13-2020,1857,12,0.6,1,1
SearchAd,KW_Cloud-HRMS_DC2,Free,01-20-2020,1869,14,0.6,2,0
SearchAd,KW_Cloud-HRMS_DC2,Free,01-27-2020,1843,12,0.6,1,1
SearchAd,KW_Cloud-HRMS_DC2,Free,02-03-2020,1750,11,0.6,2,1
SearchAd,KW_Cloud-HRMS_DC2,Free,02-10-2020,1893,9,0.6,1,0
SearchAd,KW_Cloud-HRMS_DC2,Free,02-17-2020,1912,11,0.6,2,0
SearchAd,KW_Cloud-HRMS_DC2,Free,02-24-2020,1942,8,0.6,0,0
SearchAd,KW_Cloud-HRMS_DC2,Free,03-02-2020,1947,10,0.6,0,0
SearchAd,KW_Cloud-HRMS_DC2,Free,03-09-2020,1812,6,0.6,1,0
SearchAd,KW_Cloud-HRMS_DC2,Free,03-16-2020,1950,4,0.6,1,0
SearchAd,KW_Cloud-HRMS_DC2,Free,03-23-2020,2023,7,0.6,2,0
SearchAd,KW_Cloud-HRMS_DC2,Starter,01-06-2020,1799,15,0.6,2,0
SearchAd,KW_Cloud-HRMS_DC2,Starter,01-13-2020,1857,12,0.6,1,2
SearchAd,KW_Cloud-HRMS_DC2,Starter,01-20-2020,1869,14,0.6,2,1
SearchAd,KW_Cloud-HRMS_DC2,Starter,01-27-2020,1843,12,0.6,1,1
SearchAd,KW_Cloud-HRMS_DC2,Starter,02-03-2020,1750,11,0.6,2,0
SearchAd,KW_Cloud-HRMS_DC2,Starter,02-10-2020,1893,9,0.6,3,0
SearchAd,KW_Cloud-HRMS_DC2,Starter,02-17-2020,1912,11,0.6,1,1
SearchAd,KW_Cloud-HRMS_DC2,Starter,02-24-2020,1942,8,0.6,1,0
SearchAd,KW_Cloud-HRMS_DC2,Starter,03-02-2020,1947,10,0.6,0,0
SearchAd,KW_Cloud-HRMS_DC2,Starter,03-09-2020,1812,6,0.6,2,0
SearchAd,KW_Cloud-HRMS_DC2,Starter,03-16-2020,1950,4,0.6,0,0
SearchAd,KW_Cloud-HRMS_DC2,Starter,03-23-2020,2023,7,0.6,1,0
SearchAd,KW_Cloud-HRMS_DC2,Growth,01-06-2020,1799,15,0.6,1,0
SearchAd,KW_Cloud-HRMS_DC2,Growth,01-13-2020,1857,12,0.6,1,0
SearchAd,KW_Cloud-HRMS_DC2,Growth,01-20-2020,1869,14,0.6,2,2
SearchAd,KW_Cloud-HRMS_DC2,Growth,01-27-2020,1843,12,0.6,0,0
SearchAd,KW_Cloud-HRMS_DC2,Growth,02-03-2020,1750,11,0.6,1,0
SearchAd,KW_Cloud-HRMS_DC2,Growth,02-10-2020,1893,9,0.6,0,0
SearchAd,KW_Cloud-HRMS_DC2,Growth,02-17-2020,1912,11,0.6,0,0
SearchAd,KW_Cloud-HRMS_DC2,Growth,02-24-2020,1942,8,0.6,1,0
SearchAd,KW_Cloud-HRMS_DC2,Growth,03-02-2020,1947,10,0.6,1,0
SearchAd,KW_Cloud-HRMS_DC2,Growth,03-09-2020,1812,6,0.6,0,0
SearchAd,KW_Cloud-HRMS_DC2,Growth,03-16-2020,1950,4,0.6,0,0
SearchAd,KW_Cloud-HRMS_DC2,Growth,03-23-2020,2023,7,0.6,1,0
MobileAd,Tgt_Self_PaidTrial,Starter,01-06-2020,749,2,0.45,0,0
MobileAd,Tgt_Self_PaidTrial,Starter,01-13-2020,862,1,0.45,0,0
MobileAd,Tgt_Self_PaidTrial,Starter,01-20-2020,747,2,0.45,1,1
MobileAd,Tgt_Self_PaidTrial,Starter,01-27-2020,600,2,0.45,0,0
MobileAd,Tgt_Self_PaidTrial,Starter,02-03-2020,685,4,0.45,1,0
MobileAd,Tgt_Self_PaidTrial,Starter,02-10-2020,590,2,0.45,1,0
MobileAd,Tgt_Self_PaidTrial,Starter,02-17-2020,623,1,0.45,0,0
MobileAd,Tgt_Self_PaidTrial,Starter,02-24-2020,711,3,0.45,0,0
MobileAd,Tgt_Self_PaidTrial,Starter,03-02-2020,732,2,0.45,0,0
MobileAd,Tgt_Self_PaidTrial,Starter,03-09-2020,689,3,0.45,0,0
MobileAd,Tgt_Self_PaidTrial,Starter,03-16-2020,920,1,0.45,0,0
MobileAd,Tgt_Self_PaidTrial,Starter,03-23-2020,785,2,0.45,1,0
MobileAd,Tgt_Self_PaidTrial,Growth,01-06-2020,749,2,0.45,0,0
MobileAd,Tgt_Self_PaidTrial,Growth,01-13-2020,862,1,0.45,0,0
MobileAd,Tgt_Self_PaidTrial,Growth,01-20-2020,747,2,0.45,0,0
MobileAd,Tgt_Self_PaidTrial,Growth,01-27-2020,600,2,0.45,0,0
MobileAd,Tgt_Self_PaidTrial,Growth,02-03-2020,685,4,0.45,0,0
MobileAd,Tgt_Self_PaidTrial,Growth,02-10-2020,590,2,0.45,0,0
MobileAd,Tgt_Self_PaidTrial,Growth,02-17-2020,623,1,0.45,0,0
MobileAd,Tgt_Self_PaidTrial,Growth,02-24-2020,711,3,0.45,0,0
MobileAd,Tgt_Self_PaidTrial,Growth,03-02-2020,732,2,0.45,0,0
MobileAd,Tgt_Self_PaidTrial,Growth,03-09-2020,689,3,0.45,0,0
MobileAd,Tgt_Self_PaidTrial,Growth,03-16-2020,920,1,0.45,0,0
MobileAd,Tgt_Self_PaidTrial,Growth,03-23-2020,785,2,0.45,0,0
MobileAd,Tgt_Self_DiscountCoupon1,Free,01-06-2020,1203,10,0.45,1,1
MobileAd,Tgt_Self_DiscountCoupon1,Free,01-13-2020,1399,10,0.45,1,0
MobileAd,Tgt_Self_DiscountCoupon1,Free,01-20-2020,1350,13,0.45,2,0
MobileAd,Tgt_Self_DiscountCoupon1,Free,01-27-2020,1147,12,0.45,1,2
MobileAd,Tgt_Self_DiscountCoupon1,Free,02-03-2020,1253,11,0.45,1,0
MobileAd,Tgt_Self_DiscountCoupon1,Free,02-10-2020,1095,9,0.45,0,0
MobileAd,Tgt_Self_DiscountCoupon1,Free,02-17-2020,1350,10,0.45,1,0
MobileAd,Tgt_Self_DiscountCoupon1,Free,02-24-2020,1289,8,0.45,1,0
MobileAd,Tgt_Self_DiscountCoupon1,Free,03-02-2020,978,5,0.45,0,0
MobileAd,Tgt_Self_DiscountCoupon1,Free,03-09-2020,1174,7,0.45,1,0
MobileAd,Tgt_Self_DiscountCoupon1,Free,03-16-2020,1320,9,0.45,1,0
MobileAd,Tgt_Self_DiscountCoupon1,Free,03-23-2020,1300,7,0.45,0,0
MobileAd,Tgt_Self_DiscountCoupon1,Starter,01-06-2020,1203,10,0.45,0,0
MobileAd,Tgt_Self_DiscountCoupon1,Starter,01-13-2020,1399,10,0.45,1,0
MobileAd,Tgt_Self_DiscountCoupon1,Starter,01-20-2020,1350,13,0.45,1,0
MobileAd,Tgt_Self_DiscountCoupon1,Starter,01-27-2020,1147,12,0.45,2,0
MobileAd,Tgt_Self_DiscountCoupon1,Starter,02-03-2020,1253,11,0.45,2,0
MobileAd,Tgt_Self_DiscountCoupon1,Starter,02-10-2020,1095,9,0.45,0,0
MobileAd,Tgt_Self_DiscountCoupon1,Starter,02-17-2020,1350,10,0.45,0,0
MobileAd,Tgt_Self_DiscountCoupon1,Starter,02-24-2020,1289,8,0.45,0,0
MobileAd,Tgt_Self_DiscountCoupon1,Starter,03-02-2020,978,5,0.45,2,0
MobileAd,Tgt_Self_DiscountCoupon1,Starter,03-09-2020,1174,7,0.45,2,0
MobileAd,Tgt_Self_DiscountCoupon1,Starter,03-16-2020,1320,9,0.45,1,0
MobileAd,Tgt_Self_DiscountCoupon1,Starter,03-23-2020,1300,7,0.45,3,0
MobileAd,Tgt_Self_DiscountCoupon1,Growth,01-06-2020,1203,10,0.45,1,0
MobileAd,Tgt_Self_DiscountCoupon1,Growth,01-13-2020,1399,10,0.45,0,0
MobileAd,Tgt_Self_DiscountCoupon1,Growth,01-20-2020,1350,13,0.45,0,0
MobileAd,Tgt_Self_DiscountCoupon1,Growth,01-27-2020,1147,12,0.45,2,1
MobileAd,Tgt_Self_DiscountCoupon1,Growth,02-03-2020,1253,11,0.45,0,0
MobileAd,Tgt_Self_DiscountCoupon1,Growth,02-10-2020,1095,9,0.45,2,1
MobileAd,Tgt_Self_DiscountCoupon1,Growth,02-17-2020,1350,10,0.45,1,0
MobileAd,Tgt_Self_DiscountCoupon1,Growth,02-24-2020,1289,8,0.45,1,0
MobileAd,Tgt_Self_DiscountCoupon1,Growth,03-02-2020,978,5,0.45,0,0
MobileAd,Tgt_Self_DiscountCoupon1,Growth,03-09-2020,1174,7,0.45,0,0
MobileAd,Tgt_Self_DiscountCoupon1,Growth,03-16-2020,1320,9,0.45,0,0
MobileAd,Tgt_Self_DiscountCoupon1,Growth,03-23-2020,1300,7,0.45,1,0
MobileAd,Tgt_Self_DiscountCoupon2,Free,01-06-2020,1105,8,0.45,0,0
MobileAd,Tgt_Self_DiscountCoupon2,Free,01-13-2020,1421,6,0.45,0,0
MobileAd,Tgt_Self_DiscountCoupon2,Free,01-20-2020,1498,8,0.45,1,0
MobileAd,Tgt_Self_DiscountCoupon2,Free,01-27-2020,1539,9,0.45,2,1
MobileAd,Tgt_Self_DiscountCoupon2,Free,02-03-2020,1230,10,0.45,0,0
MobileAd,Tgt_Self_DiscountCoupon2,Free,02-10-2020,1333,9,0.45,2,1
MobileAd,Tgt_Self_DiscountCoupon2,Free,02-17-2020,1532,6,0.45,0,0
MobileAd,Tgt_Self_DiscountCoupon2,Free,02-24-2020,1670,8,0.45,1,0
MobileAd,Tgt_Self_DiscountCoupon2,Free,03-02-2020,1432,7,0.45,0,0
MobileAd,Tgt_Self_DiscountCoupon2,Free,03-09-2020,1542,8,0.45,0,0
MobileAd,Tgt_Self_DiscountCoupon2,Free,03-16-2020,1500,9,0.45,1,0
MobileAd,Tgt_Self_DiscountCoupon2,Free,03-23-2020,1329,11,0.45,1,0
MobileAd,Tgt_Self_DiscountCoupon2,Starter,01-06-2020,1105,8,0.45,0,0
MobileAd,Tgt_Self_DiscountCoupon2,Starter,01-13-2020,1421,6,0.45,2,1
MobileAd,Tgt_Self_DiscountCoupon2,Starter,01-20-2020,1498,8,0.45,0,0
MobileAd,Tgt_Self_DiscountCoupon2,Starter,01-27-2020,1539,9,0.45,0,0
MobileAd,Tgt_Self_DiscountCoupon2,Starter,02-03-2020,1230,10,0.45,0,0
MobileAd,Tgt_Self_DiscountCoupon2,Starter,02-10-2020,1333,9,0.45,0,0
MobileAd,Tgt_Self_DiscountCoupon2,Starter,02-17-2020,1532,6,0.45,1,0
MobileAd,Tgt_Self_DiscountCoupon2,Starter,02-24-2020,1670,8,0.45,3,1
MobileAd,Tgt_Self_DiscountCoupon2,Starter,03-02-2020,1432,7,0.45,2,0
MobileAd,Tgt_Self_DiscountCoupon2,Starter,03-09-2020,1542,8,0.45,1,0
MobileAd,Tgt_Self_DiscountCoupon2,Starter,03-16-2020,1500,9,0.45,1,0
MobileAd,Tgt_Self_DiscountCoupon2,Starter,03-23-2020,1329,11,0.45,4,0
MobileAd,Tgt_Self_DiscountCoupon2,Growth,01-06-2020,1105,8,0.45,2,0
MobileAd,Tgt_Self_DiscountCoupon2,Growth,01-13-2020,1421,6,0.45,0,0
MobileAd,Tgt_Self_DiscountCoupon2,Growth,01-20-2020,1498,8,0.45,0,0
MobileAd,Tgt_Self_DiscountCoupon2,Growth,01-27-2020,1539,9,0.45,0,0
MobileAd,Tgt_Self_DiscountCoupon2,Growth,02-03-2020,1230,10,0.45,0,0
MobileAd,Tgt_Self_DiscountCoupon2,Growth,02-10-2020,1333,9,0.45,0,0
MobileAd,Tgt_Self_DiscountCoupon2,Growth,02-17-2020,1532,6,0.45,1,0
MobileAd,Tgt_Self_DiscountCoupon2,Growth,02-24-2020,1670,8,0.45,1,1
MobileAd,Tgt_Self_DiscountCoupon2,Growth,03-02-2020,1432,7,0.45,0,0
MobileAd,Tgt_Self_DiscountCoupon2,Growth,03-09-2020,1542,8,0.45,0,0
MobileAd,Tgt_Self_DiscountCoupon2,Growth,03-16-2020,1500,9,0.45,0,0
MobileAd,Tgt_Self_DiscountCoupon2,Growth,03-23-2020,1329,11,0.45,0,0
MobileAd,Tgt_Business_FreeTrial,Free,01-06-2020,1709,10,0.7,2,1
MobileAd,Tgt_Business_FreeTrial,Free,01-13-2020,1540,12,0.7,1,0
MobileAd,Tgt_Business_FreeTrial,Free,01-20-2020,1900,11,0.7,1,0
MobileAd,Tgt_Business_FreeTrial,Free,01-27-2020,2367,34,0.7,4,0
MobileAd,Tgt_Business_FreeTrial,Free,02-03-2020,2106,15,0.7,1,0
MobileAd,Tgt_Business_FreeTrial,Free,02-10-2020,1984,14,0.7,1,0
MobileAd,Tgt_Business_FreeTrial,Free,02-17-2020,1882,10,0.7,1,0
MobileAd,Tgt_Business_FreeTrial,Free,02-24-2020,1432,8,0.7,2,1
MobileAd,Tgt_Business_FreeTrial,Free,03-02-2020,1440,17,0.7,1,0
MobileAd,Tgt_Business_FreeTrial,Free,03-09-2020,1819,12,0.7,1,0
MobileAd,Tgt_Business_FreeTrial,Free,03-16-2020,2134,21,0.7,3,0
MobileAd,Tgt_Business_FreeTrial,Free,03-23-2020,2046,24,0.7,2,0
MobileAd,Tgt_Business_FreeTrial,Starter,01-06-2020,1709,10,0.7,0,0
MobileAd,Tgt_Business_FreeTrial,Starter,01-13-2020,1540,12,0.7,0,0
MobileAd,Tgt_Business_FreeTrial,Starter,01-20-2020,1900,11,0.7,0,0
MobileAd,Tgt_Business_FreeTrial,Starter,01-27-2020,2367,34,0.7,0,0
MobileAd,Tgt_Business_FreeTrial,Starter,02-03-2020,2106,15,0.7,1,0
MobileAd,Tgt_Business_FreeTrial,Starter,02-10-2020,1984,14,0.7,0,0
MobileAd,Tgt_Business_FreeTrial,Starter,02-17-2020,1882,10,0.7,0,0
MobileAd,Tgt_Business_FreeTrial,Starter,02-24-2020,1432,8,0.7,0,0
MobileAd,Tgt_Business_FreeTrial,Starter,03-02-2020,1440,17,0.7,1,0
MobileAd,Tgt_Business_FreeTrial,Starter,03-09-2020,1819,12,0.7,1,0
MobileAd,Tgt_Business_FreeTrial,Starter,03-16-2020,2134,21,0.7,2,0
MobileAd,Tgt_Business_FreeTrial,Starter,03-23-2020,2046,24,0.7,0,0
MobileAd,Tgt_Business_FreeTrial,Growth,01-06-2020,1709,10,0.7,0,0
MobileAd,Tgt_Business_FreeTrial,Growth,01-13-2020,1540,12,0.7,0,0
MobileAd,Tgt_Business_FreeTrial,Growth,01-20-2020,1900,11,0.7,1,0
MobileAd,Tgt_Business_FreeTrial,Growth,01-27-2020,2367,34,0.7,0,0
MobileAd,Tgt_Business_FreeTrial,Growth,02-03-2020,2106,15,0.7,0,0
MobileAd,Tgt_Business_FreeTrial,Growth,02-10-2020,1984,14,0.7,0,0
MobileAd,Tgt_Business_FreeTrial,Growth,02-17-2020,1882,10,0.7,0,0
MobileAd,Tgt_Business_FreeTrial,Growth,02-24-2020,1432,8,0.7,0,0
MobileAd,Tgt_Business_FreeTrial,Growth,03-02-2020,1440,17,0.7,0,0
MobileAd,Tgt_Business_FreeTrial,Growth,03-09-2020,1819,12,0.7,0,0
MobileAd,Tgt_Business_FreeTrial,Growth,03-16-2020,2134,21,0.7,0,0
MobileAd,Tgt_Business_FreeTrial,Growth,03-23-2020,2046,24,0.7,0,0
MobileAd,Tgt_Business_PaidTrial,Free,01-06-2020,1845,3,0.7,0,0
MobileAd,Tgt_Business_PaidTrial,Free,01-13-2020,1731,1,0.7,0,0
MobileAd,Tgt_Business_PaidTrial,Free,01-20-2020,2003,3,0.7,1,0
MobileAd,Tgt_Business_PaidTrial,Free,01-27-2020,2367,2,0.7,0,0
MobileAd,Tgt_Business_PaidTrial,Free,02-03-2020,1971,0,0.7,0,0
MobileAd,Tgt_Business_PaidTrial,Free,02-10-2020,1923,2,0.7,0,0
MobileAd,Tgt_Business_PaidTrial,Free,02-17-2020,1846,0,0.7,0,0
MobileAd,Tgt_Business_PaidTrial,Free,02-24-2020,2406,2,0.7,0,0
MobileAd,Tgt_Business_PaidTrial,Free,03-02-2020,2234,1,0.7,0,0
MobileAd,Tgt_Business_PaidTrial,Free,03-09-2020,2748,0,0.7,0,0
MobileAd,Tgt_Business_PaidTrial,Free,03-16-2020,1842,3,0.7,1,1
MobileAd,Tgt_Business_PaidTrial,Free,03-23-2020,2390,1,0.7,0,0
MobileAd,Tgt_Business_PaidTrial,Starter,01-06-2020,1845,3,0.7,0,0
MobileAd,Tgt_Business_PaidTrial,Starter,01-13-2020,1731,1,0.7,0,0
MobileAd,Tgt_Business_PaidTrial,Starter,01-20-2020,2003,3,0.7,0,0
MobileAd,Tgt_Business_PaidTrial,Starter,01-27-2020,2367,2,0.7,0,0
MobileAd,Tgt_Business_PaidTrial,Starter,02-03-2020,1971,0,0.7,0,0
MobileAd,Tgt_Business_PaidTrial,Starter,02-10-2020,1923,2,0.7,0,0
MobileAd,Tgt_Business_PaidTrial,Starter,02-17-2020,1846,0,0.7,0,0
MobileAd,Tgt_Business_PaidTrial,Starter,02-24-2020,2406,2,0.7,0,0
MobileAd,Tgt_Business_PaidTrial,Starter,03-02-2020,2234,1,0.7,0,0
MobileAd,Tgt_Business_PaidTrial,Starter,03-09-2020,2748,0,0.7,0,0
MobileAd,Tgt_Business_PaidTrial,Starter,03-16-2020,1842,3,0.7,0,0
MobileAd,Tgt_Business_PaidTrial,Starter,03-23-2020,2390,1,0.7,0,0
MobileAd,Tgt_Business_PaidTrial,Growth,01-06-2020,1845,3,0.7,0,0
MobileAd,Tgt_Business_PaidTrial,Growth,01-13-2020,1731,1,0.7,0,0
MobileAd,Tgt_Business_PaidTrial,Growth,01-20-2020,2003,3,0.7,0,0
MobileAd,Tgt_Business_PaidTrial,Growth,01-27-2020,2367,2,0.7,0,0
MobileAd,Tgt_Business_PaidTrial,Growth,02-03-2020,1971,0,0.7,0,0
MobileAd,Tgt_Business_PaidTrial,Growth,02-10-2020,1923,2,0.7,0,0
MobileAd,Tgt_Business_PaidTrial,Growth,02-17-2020,1846,0,0.7,0,0
MobileAd,Tgt_Business_PaidTrial,Growth,02-24-2020,2406,2,0.7,0,0
MobileAd,Tgt_Business_PaidTrial,Growth,03-02-2020,2234,1,0.7,0,0
MobileAd,Tgt_Business_PaidTrial,Growth,03-09-2020,2748,0,0.7,0,0
MobileAd,Tgt_Business_PaidTrial,Growth,03-16-2020,1842,3,0.7,0,0
MobileAd,Tgt_Business_PaidTrial,Growth,03-23-2020,2390,1,0.7,0,0
MobileAd,Tgt_Business_DC1,Free,01-06-2020,1416,3,0.7,1,0
MobileAd,Tgt_Business_DC1,Free,01-13-2020,1720,2,0.7,0,0
MobileAd,Tgt_Business_DC1,Free,01-20-2020,1543,4,0.7,1,0
MobileAd,Tgt_Business_DC1,Free,01-27-2020,743,3,0.7,0,0
MobileAd,Tgt_Business_DC1,Free,02-03-2020,1230,2,0.7,0,0
MobileAd,Tgt_Business_DC1,Free,02-10-2020,1986,5,0.7,2,1
MobileAd,Tgt_Business_DC1,Free,02-17-2020,1956,3,0.7,0,0
MobileAd,Tgt_Business_DC1,Free,02-24-2020,1103,6,0.7,2,0
MobileAd,Tgt_Business_DC1,Free,03-02-2020,1721,6,0.7,0,0
MobileAd,Tgt_Business_DC1,Free,03-09-2020,2204,8,0.7,1,1
MobileAd,Tgt_Business_DC1,Free,03-16-2020,1815,6,0.7,1,0
MobileAd,Tgt_Business_DC1,Free,03-23-2020,1564,4,0.7,0,0
MobileAd,Tgt_Business_DC1,Starter,01-06-2020,1416,3,0.7,0,0
MobileAd,Tgt_Business_DC1,Starter,01-13-2020,1720,2,0.7,0,0
MobileAd,Tgt_Business_DC1,Starter,01-20-2020,1543,4,0.7,0,0
MobileAd,Tgt_Business_DC1,Starter,01-27-2020,743,3,0.7,1,0
MobileAd,Tgt_Business_DC1,Starter,02-03-2020,1230,2,0.7,0,0
MobileAd,Tgt_Business_DC1,Starter,02-10-2020,1986,5,0.7,1,1
MobileAd,Tgt_Business_DC1,Starter,02-17-2020,1956,3,0.7,0,0
MobileAd,Tgt_Business_DC1,Starter,02-24-2020,1103,6,0.7,1,0
MobileAd,Tgt_Business_DC1,Starter,03-02-2020,1721,6,0.7,2,0
MobileAd,Tgt_Business_DC1,Starter,03-09-2020,2204,8,0.7,0,0
MobileAd,Tgt_Business_DC1,Starter,03-16-2020,1815,6,0.7,1,0
MobileAd,Tgt_Business_DC1,Starter,03-23-2020,1564,4,0.7,0,0
MobileAd,Tgt_Business_DC1,Growth,01-06-2020,1416,3,0.7,0,0
MobileAd,Tgt_Business_DC1,Growth,01-13-2020,1720,2,0.7,1,0
MobileAd,Tgt_Business_DC1,Growth,01-20-2020,1543,4,0.7,0,0
MobileAd,Tgt_Business_DC1,Growth,01-27-2020,743,3,0.7,0,0
MobileAd,Tgt_Business_DC1,Growth,02-03-2020,1230,2,0.7,0,0
MobileAd,Tgt_Business_DC1,Growth,02-10-2020,1986,5,0.7,0,0
MobileAd,Tgt_Business_DC1,Growth,02-17-2020,1956,3,0.7,0,0
MobileAd,Tgt_Business_DC1,Growth,02-24-2020,1103,6,0.7,0,0
MobileAd,Tgt_Business_DC1,Growth,03-02-2020,1721,6,0.7,1,0
MobileAd,Tgt_Business_DC1,Growth,03-09-2020,2204,8,0.7,0,0
MobileAd,Tgt_Business_DC1,Growth,03-16-2020,1815,6,0.7,0,0
MobileAd,Tgt_Business_DC1,Growth,03-23-2020,1564,4,0.7,0,0
MobileAd,Tgt_Business_DC2,Free,01-06-2020,1985,2,0.7,1,0
MobileAd,Tgt_Business_DC2,Free,01-13-2020,1845,1,0.7,0,0
MobileAd,Tgt_Business_DC2,Free,01-20-2020,1732,1,0.7,1,0
MobileAd,Tgt_Business_DC2,Free,01-27-2020,511,0,0.7,0,0
MobileAd,Tgt_Business_DC2,Free,02-03-2020,1319,2,0.7,1,0
MobileAd,Tgt_Business_DC2,Free,02-10-2020,2049,1,0.7,0,0
MobileAd,Tgt_Business_DC2,Free,02-17-2020,1409,2,0.7,0,0
MobileAd,Tgt_Business_DC2,Free,02-24-2020,1751,4,0.7,1,0
MobileAd,Tgt_Business_DC2,Free,03-02-2020,1421,2,0.7,0,0
MobileAd,Tgt_Business_DC2,Free,03-09-2020,974,1,0.7,0,0
MobileAd,Tgt_Business_DC2,Free,03-16-2020,1355,4,0.7,0,0
MobileAd,Tgt_Business_DC2,Free,03-23-2020,1706,2,0.7,1,0
MobileAd,Tgt_Business_DC2,Starter,01-06-2020,1985,2,0.7,0,0
MobileAd,Tgt_Business_DC2,Starter,01-13-2020,1845,1,0.7,0,0
MobileAd,Tgt_Business_DC2,Starter,01-20-2020,1732,1,0.7,0,0
MobileAd,Tgt_Business_DC2,Starter,01-27-2020,511,0,0.7,0,0
MobileAd,Tgt_Business_DC2,Starter,02-03-2020,1319,2,0.7,0,0
MobileAd,Tgt_Business_DC2,Starter,02-10-2020,2049,1,0.7,0,0
MobileAd,Tgt_Business_DC2,Starter,02-17-2020,1409,2,0.7,0,0
MobileAd,Tgt_Business_DC2,Starter,02-24-2020,1751,4,0.7,1,0
MobileAd,Tgt_Business_DC2,Starter,03-02-2020,1421,2,0.7,0,0
MobileAd,Tgt_Business_DC2,Starter,03-09-2020,974,1,0.7,0,0
MobileAd,Tgt_Business_DC2,Starter,03-16-2020,1355,4,0.7,0,0
MobileAd,Tgt_Business_DC2,Starter,03-23-2020,1706,2,0.7,0,0
MobileAd,Tgt_Business_DC2,Growth,01-06-2020,1985,2,0.7,0,0
MobileAd,Tgt_Business_DC2,Growth,01-13-2020,1845,1,0.7,0,0
MobileAd,Tgt_Business_DC2,Growth,01-20-2020,1732,1,0.7,0,0
MobileAd,Tgt_Business_DC2,Growth,01-27-2020,511,0,0.7,0,0
MobileAd,Tgt_Business_DC2,Growth,02-03-2020,1319,2,0.7,0,0
MobileAd,Tgt_Business_DC2,Growth,02-10-2020,2049,1,0.7,0,0
MobileAd,Tgt_Business_DC2,Growth,02-17-2020,1409,2,0.7,0,0
MobileAd,Tgt_Business_DC2,Growth,02-24-2020,1751,4,0.7,0,0
MobileAd,Tgt_Business_DC2,Growth,03-02-2020,1421,2,0.7,0,0
MobileAd,Tgt_Business_DC2,Growth,03-09-2020,974,1,0.7,0,0
MobileAd,Tgt_Business_DC2,Growth,03-16-2020,1355,4,0.7,0,0
MobileAd,Tgt_Business_DC2,Growth,03-23-2020,1706,2,0.7,0,0
MobileAd,Tgt_Utilities_FreeTrial,Free,01-06-2020,2490,11,0.3,3,1
MobileAd,Tgt_Utilities_FreeTrial,Free,01-13-2020,2321,4,0.3,1,0
MobileAd,Tgt_Utilities_FreeTrial,Free,01-20-2020,2769,6,0.3,1,0
MobileAd,Tgt_Utilities_FreeTrial,Free,01-27-2020,2300,8,0.3,2,0
MobileAd,Tgt_Utilities_FreeTrial,Free,02-03-2020,1934,5,0.3,1,0
MobileAd,Tgt_Utilities_FreeTrial,Free,02-10-2020,2783,2,0.3,3,1
MobileAd,Tgt_Utilities_FreeTrial,Free,02-17-2020,2805,6,0.3,1,0
MobileAd,Tgt_Utilities_FreeTrial,Free,02-24-2020,2810,10,0.3,2,0
MobileAd,Tgt_Utilities_FreeTrial,Free,03-02-2020,2766,7,0.3,0,0
MobileAd,Tgt_Utilities_FreeTrial,Free,03-09-2020,2299,6,0.3,1,0
MobileAd,Tgt_Utilities_FreeTrial,Free,03-16-2020,2593,8,0.3,1,0
MobileAd,Tgt_Utilities_FreeTrial,Free,03-23-2020,2979,5,0.3,1,0
MobileAd,Tgt_Utilities_FreeTrial,Starter,01-06-2020,2490,11,0.3,1,0
MobileAd,Tgt_Utilities_FreeTrial,Starter,01-13-2020,2321,4,0.3,0,0
MobileAd,Tgt_Utilities_FreeTrial,Starter,01-20-2020,2769,6,0.3,0,0
MobileAd,Tgt_Utilities_FreeTrial,Starter,01-27-2020,2300,8,0.3,0,0
MobileAd,Tgt_Utilities_FreeTrial,Starter,02-03-2020,1934,5,0.3,0,0
MobileAd,Tgt_Utilities_FreeTrial,Starter,02-10-2020,2783,2,0.3,0,0
MobileAd,Tgt_Utilities_FreeTrial,Starter,02-17-2020,2805,6,0.3,0,0
MobileAd,Tgt_Utilities_FreeTrial,Starter,02-24-2020,2810,10,0.3,1,1
MobileAd,Tgt_Utilities_FreeTrial,Starter,03-02-2020,2766,7,0.3,0,0
MobileAd,Tgt_Utilities_FreeTrial,Starter,03-09-2020,2299,6,0.3,0,0
MobileAd,Tgt_Utilities_FreeTrial,Starter,03-16-2020,2593,8,0.3,0,0
MobileAd,Tgt_Utilities_FreeTrial,Starter,03-23-2020,2979,5,0.3,1,0
MobileAd,Tgt_Utilities_FreeTrial,Growth,01-06-2020,2490,11,0.3,0,0
MobileAd,Tgt_Utilities_FreeTrial,Growth,01-13-2020,2321,4,0.3,0,0
MobileAd,Tgt_Utilities_FreeTrial,Growth,01-20-2020,2769,6,0.3,0,0
MobileAd,Tgt_Utilities_FreeTrial,Growth,01-27-2020,2300,8,0.3,0,0
MobileAd,Tgt_Utilities_FreeTrial,Growth,02-03-2020,1934,5,0.3,0,0
MobileAd,Tgt_Utilities_FreeTrial,Growth,02-10-2020,2783,2,0.3,0,0
MobileAd,Tgt_Utilities_FreeTrial,Growth,02-17-2020,2805,6,0.3,1,0
MobileAd,Tgt_Utilities_FreeTrial,Growth,02-24-2020,2810,10,0.3,1,0
MobileAd,Tgt_Utilities_FreeTrial,Growth,03-02-2020,2766,7,0.3,0,0
MobileAd,Tgt_Utilities_FreeTrial,Growth,03-09-2020,2299,6,0.3,0,0
MobileAd,Tgt_Utilities_FreeTrial,Growth,03-16-2020,2593,8,0.3,0,0
MobileAd,Tgt_Utilities_FreeTrial,Growth,03-23-2020,2979,5,0.3,0,0
MobileAd,Tgt_Utilities_PaidTrial,Free,01-06-2020,2900,4,0.3,1,1
MobileAd,Tgt_Utilities_PaidTrial,Free,01-13-2020,3364,9,0.3,2,0
MobileAd,Tgt_Utilities_PaidTrial,Free,01-20-2020,2745,14,0.3,2,0
MobileAd,Tgt_Utilities_PaidTrial,Free,01-27-2020,2839,7,0.3,1,0
MobileAd,Tgt_Utilities_PaidTrial,Free,02-03-2020,2754,11,0.3,2,1
MobileAd,Tgt_Utilities_PaidTrial,Free,02-10-2020,3004,18,0.3,0,0
MobileAd,Tgt_Utilities_PaidTrial,Free,02-17-2020,3863,14,0.3,2,0
MobileAd,Tgt_Utilities_PaidTrial,Free,02-24-2020,2976,21,0.3,1,0
MobileAd,Tgt_Utilities_PaidTrial,Free,03-02-2020,2500,20,0.3,2,0
MobileAd,Tgt_Utilities_PaidTrial,Free,03-09-2020,2791,16,0.3,1,0
MobileAd,Tgt_Utilities_PaidTrial,Free,03-16-2020,3120,19,0.3,1,0
MobileAd,Tgt_Utilities_PaidTrial,Free,03-23-2020,2310,13,0.3,1,0
MobileAd,Tgt_Utilities_PaidTrial,Starter,01-06-2020,2900,4,0.3,0,0
MobileAd,Tgt_Utilities_PaidTrial,Starter,01-13-2020,3364,9,0.3,0,0
MobileAd,Tgt_Utilities_PaidTrial,Starter,01-20-2020,2745,14,0.3,0,0
MobileAd,Tgt_Utilities_PaidTrial,Starter,01-27-2020,2839,7,0.3,0,0
MobileAd,Tgt_Utilities_PaidTrial,Starter,02-03-2020,2754,11,0.3,1,1
MobileAd,Tgt_Utilities_PaidTrial,Starter,02-10-2020,3004,18,0.3,0,0
MobileAd,Tgt_Utilities_PaidTrial,Starter,02-17-2020,3863,14,0.3,0,0
MobileAd,Tgt_Utilities_PaidTrial,Starter,02-24-2020,2976,21,0.3,2,1
MobileAd,Tgt_Utilities_PaidTrial,Starter,03-02-2020,2500,20,0.3,0,0
MobileAd,Tgt_Utilities_PaidTrial,Starter,03-09-2020,2791,16,0.3,0,0
MobileAd,Tgt_Utilities_PaidTrial,Starter,03-16-2020,3120,19,0.3,0,0
MobileAd,Tgt_Utilities_PaidTrial,Starter,03-23-2020,2310,13,0.3,0,0
MobileAd,Tgt_Utilities_PaidTrial,Growth,01-06-2020,2900,4,0.3,0,0
MobileAd,Tgt_Utilities_PaidTrial,Growth,01-13-2020,3364,9,0.3,0,0
MobileAd,Tgt_Utilities_PaidTrial,Growth,01-20-2020,2745,14,0.3,0,0
MobileAd,Tgt_Utilities_PaidTrial,Growth,01-27-2020,2839,7,0.3,0,0
MobileAd,Tgt_Utilities_PaidTrial,Growth,02-03-2020,2754,11,0.3,0,0
MobileAd,Tgt_Utilities_PaidTrial,Growth,02-10-2020,3004,18,0.3,0,0
MobileAd,Tgt_Utilities_PaidTrial,Growth,02-17-2020,3863,14,0.3,0,0
MobileAd,Tgt_Utilities_PaidTrial,Growth,02-24-2020,2976,21,0.3,1,1
MobileAd,Tgt_Utilities_PaidTrial,Growth,03-02-2020,2500,20,0.3,0,0
MobileAd,Tgt_Utilities_PaidTrial,Growth,03-09-2020,2791,16,0.3,0,0
MobileAd,Tgt_Utilities_PaidTrial,Growth,03-16-2020,3120,19,0.3,0,0
MobileAd,Tgt_Utilities_PaidTrial,Growth,03-23-2020,2310,13,0.3,1,0
MobileAd,Tgt_Utilities_DC1,Free,01-06-2020,2370,4,0.3,1,0
MobileAd,Tgt_Utilities_DC1,Free,01-13-2020,2478,4,0.3,1,0
MobileAd,Tgt_Utilities_DC1,Free,01-20-2020,2139,5,0.3,1,0
MobileAd,Tgt_Utilities_DC1,Free,01-27-2020,2450,4,0.3,1,1
MobileAd,Tgt_Utilities_DC1,Free,02-03-2020,2120,6,0.3,1,0
MobileAd,Tgt_Utilities_DC1,Free,02-10-2020,2761,4,0.3,1,0
MobileAd,Tgt_Utilities_DC1,Free,02-17-2020,2498,7,0.3,1,1
MobileAd,Tgt_Utilities_DC1,Free,02-24-2020,1964,4,0.3,1,0
MobileAd,Tgt_Utilities_DC1,Free,03-02-2020,2031,2,0.3,0,0
MobileAd,Tgt_Utilities_DC1,Free,03-09-2020,2124,5,0.3,0,0
MobileAd,Tgt_Utilities_DC1,Free,03-16-2020,2339,4,0.3,1,0
MobileAd,Tgt_Utilities_DC1,Free,03-23-2020,2643,7,0.3,2,0
MobileAd,Tgt_Utilities_DC1,Starter,01-06-2020,2370,4,0.3,0,0
MobileAd,Tgt_Utilities_DC1,Starter,01-13-2020,2478,4,0.3,0,0
MobileAd,Tgt_Utilities_DC1,Starter,01-20-2020,2139,5,0.3,0,0
MobileAd,Tgt_Utilities_DC1,Starter,01-27-2020,2450,4,0.3,0,0
MobileAd,Tgt_Utilities_DC1,Starter,02-03-2020,2120,6,0.3,0,0
MobileAd,Tgt_Utilities_DC1,Starter,02-10-2020,2761,4,0.3,0,0
MobileAd,Tgt_Utilities_DC1,Starter,02-17-2020,2498,7,0.3,0,0
MobileAd,Tgt_Utilities_DC1,Starter,02-24-2020,1964,4,0.3,0,0
MobileAd,Tgt_Utilities_DC1,Starter,03-02-2020,2031,2,0.3,0,0
MobileAd,Tgt_Utilities_DC1,Starter,03-09-2020,2124,5,0.3,0,0
MobileAd,Tgt_Utilities_DC1,Starter,03-16-2020,2339,4,0.3,0,0
MobileAd,Tgt_Utilities_DC1,Starter,03-23-2020,2643,7,0.3,0,0
MobileAd,Tgt_Utilities_DC1,Growth,01-06-2020,2370,4,0.3,0,0
MobileAd,Tgt_Utilities_DC1,Growth,01-13-2020,2478,4,0.3,0,0
MobileAd,Tgt_Utilities_DC1,Growth,01-20-2020,2139,5,0.3,0,0
MobileAd,Tgt_Utilities_DC1,Growth,01-27-2020,2450,4,0.3,0,0
MobileAd,Tgt_Utilities_DC1,Growth,02-03-2020,2120,6,0.3,0,0
MobileAd,Tgt_Utilities_DC1,Growth,02-10-2020,2761,4,0.3,0,0
MobileAd,Tgt_Utilities_DC1,Growth,02-17-2020,2498,7,0.3,0,0
MobileAd,Tgt_Utilities_DC1,Growth,02-24-2020,1964,4,0.3,0,0
MobileAd,Tgt_Utilities_DC1,Growth,03-02-2020,2031,2,0.3,0,0
MobileAd,Tgt_Utilities_DC1,Growth,03-09-2020,2124,5,0.3,0,0
MobileAd,Tgt_Utilities_DC1,Growth,03-16-2020,2339,4,0.3,0,0
MobileAd,Tgt_Utilities_DC1,Growth,03-23-2020,2643,7,0.3,0,0
MobileAd,Tgt_Utilities_DC2,Free,01-06-2020,2628,13,0.3,2,1
MobileAd,Tgt_Utilities_DC2,Free,01-13-2020,2431,5,0.3,0,0
MobileAd,Tgt_Utilities_DC2,Free,01-20-2020,2561,8,0.3,0,0
MobileAd,Tgt_Utilities_DC2,Free,01-27-2020,2627,8,0.3,2,1
MobileAd,Tgt_Utilities_DC2,Free,02-03-2020,2649,11,0.3,2,0
MobileAd,Tgt_Utilities_DC2,Free,02-10-2020,2127,10,0.3,0,0
MobileAd,Tgt_Utilities_DC2,Free,02-17-2020,2964,9,0.3,1,1
MobileAd,Tgt_Utilities_DC2,Free,02-24-2020,2804,10,0.3,0,0
MobileAd,Tgt_Utilities_DC2,Free,03-02-2020,2250,9,0.3,0,0
MobileAd,Tgt_Utilities_DC2,Free,03-09-2020,2004,8,0.3,1,0
MobileAd,Tgt_Utilities_DC2,Free,03-16-2020,2135,7,0.3,0,0
MobileAd,Tgt_Utilities_DC2,Free,03-23-2020,2443,9,0.3,0,0
MobileAd,Tgt_Utilities_DC2,Starter,01-06-2020,2628,13,0.3,1,0
MobileAd,Tgt_Utilities_DC2,Starter,01-13-2020,2431,5,0.3,0,0
MobileAd,Tgt_Utilities_DC2,Starter,01-20-2020,2561,8,0.3,1,1
MobileAd,Tgt_Utilities_DC2,Starter,01-27-2020,2627,8,0.3,0,0
MobileAd,Tgt_Utilities_DC2,Starter,02-03-2020,2649,11,0.3,0,0
MobileAd,Tgt_Utilities_DC2,Starter,02-10-2020,2127,10,0.3,1,0
MobileAd,Tgt_Utilities_DC2,Starter,02-17-2020,2964,9,0.3,0,0
MobileAd,Tgt_Utilities_DC2,Starter,02-24-2020,2804,10,0.3,2,1
MobileAd,Tgt_Utilities_DC2,Starter,03-02-2020,2250,9,0.3,0,0
MobileAd,Tgt_Utilities_DC2,Starter,03-09-2020,2004,8,0.3,1,0
MobileAd,Tgt_Utilities_DC2,Starter,03-16-2020,2135,7,0.3,0,0
MobileAd,Tgt_Utilities_DC2,Starter,03-23-2020,2443,9,0.3,1,0
MobileAd,Tgt_Utilities_DC2,Growth,01-06-2020,2628,13,0.3,0,0
MobileAd,Tgt_Utilities_DC2,Growth,01-13-2020,2431,5,0.3,0,0
MobileAd,Tgt_Utilities_DC2,Growth,01-20-2020,2561,8,0.3,0,0
MobileAd,Tgt_Utilities_DC2,Growth,01-27-2020,2627,8,0.3,0,0
MobileAd,Tgt_Utilities_DC2,Growth,02-03-2020,2649,11,0.3,1,1
MobileAd,Tgt_Utilities_DC2,Growth,02-10-2020,2127,10,0.3,0,0
MobileAd,Tgt_Utilities_DC2,Growth,02-17-2020,2964,9,0.3,1,0
MobileAd,Tgt_Utilities_DC2,Growth,02-24-2020,2804,10,0.3,0,0
MobileAd,Tgt_Utilities_DC2,Growth,03-02-2020,2250,9,0.3,0,0
MobileAd,Tgt_Utilities_DC2,Growth,03-09-2020,2004,8,0.3,1,0
MobileAd,Tgt_Utilities_DC2,Growth,03-16-2020,2135,7,0.3,0,0
MobileAd,Tgt_Utilities_DC2,Growth,03-23-2020,2443,9,0.3,1,0
